code,shares,avg_cost,max_position_value,bottom_value,loss_amount,loss_ratio,peak_date,bottom_date,holding_days,name,industry
600410,7300,12.089313844827394,244576.24963200002,38230.056127,206346.19350500003,0.8436885994264669,2015-06-12,2018-10-16,351,华胜天成,软件服务
600779,4400,71.04003300712499,219490.293264,28027.19612,191463.097144,0.8723078105039968,2018-07-11,2015-09-15,78,水井坊,白酒
601106,11100,3.7937900000000004,206793.0,28416.0,178377.0,0.8625872249060654,2015-06-12,2018-10-18,168,中国一重,工程机械
300357,10200,21.11861888136,250360.42126799998,87304.63937399999,163055.78189399999,0.6512841808947742,2018-07-16,2016-02-29,78,我武生物,生物制药
603369,12000,17.938263593249996,250383.89951999998,95973.417,154410.48251999996,0.6166949345226013,2018-06-12,2015-08-25,78,今世缘,白酒
300168,2200,43.15494713985,155196.408796,26865.269200000002,128331.139596,0.8268950331491663,2015-06-17,2017-07-26,168,万达信息,软件服务
300122,4100,21.584687652820975,135257.922848,21757.28919,113500.63365799999,0.8391422200498349,2018-07-16,2015-09-02,351,智飞生物,生物制药
300308,3000,48.89706848025999,120009.12,13770.911730000002,106238.20826999999,0.8852511231646394,2018-03-20,2015-09-15,351,中际旭创,通信设备
300513,2400,17.636745436309997,119745.9378,13688.723447999999,106057.214352,0.8856852791878173,2016-07-06,2016-05-30,168,恒实科技,软件服务
300015,15800,4.663906407159999,143348.478616,41161.874652,102186.60396400001,0.7128544714990392,2018-07-16,2015-08-25,351,爱尔眼科,医疗保健
300080,7200,13.923900368155556,120743.99366400001,28584.0,92159.99366400001,0.7632677275894812,2015-06-12,2018-10-18,168,易成新能,电气设备
600248,9900,8.11044519376,124265.213424,33128.34822,91136.865204,0.7334060972722577,2015-06-12,2018-10-18,168,陕建股份,建筑工程
600801,11200,15.398097677462498,121560.957952,31152.745904,90408.212048,0.7437273740776122,2018-08-10,2016-02-01,351,华新建材,水泥
603799,1900,37.49816814744,97800.387048,8796.037536,89004.349512,0.9100613218260277,2018-03-15,2015-09-15,351,华友钴业,小金属
300276,7400,13.685654670796213,110422.714752,27977.946048,82444.768704,0.746628706685612,2015-06-12,2018-10-08,168,三丰智能,专用机械
300428,3100,13.308310765749995,102843.488125,23325.191275,79518.29685,0.7731971979922574,2017-04-11,2018-10-18,168,立中集团,汽车配件
600378,4000,15.961377877945498,109024.2536,30396.57264,78627.68096,0.7211943981609611,2015-06-12,2018-10-18,168,昊华科技,化工原料
300272,6900,6.091595570059999,105938.93058,27506.189601,78432.740979,0.7403580586437141,2015-06-12,2018-10-16,168,开能健康,家用电器
601003,13200,5.561854738439999,102109.788,24846.716928,77263.07107199999,0.7566666485684995,2018-08-13,2016-02-01,351,柳钢股份,普钢
600516,6000,44.406789483055995,92878.73700000001,16816.08948,76062.64752000001,0.8189457563360277,2017-09-13,2015-09-15,351,方大炭素,矿物制品
600683,8600,7.582454399519998,101089.54409,26289.623112,74799.920978,0.7399372670175033,2015-06-15,2018-10-18,168,京投发展,区域地产
300047,4700,8.936403576099998,102881.45088,29361.93024,73519.52064,0.7146042363433668,2015-06-12,2015-09-02,168,天源迪科,软件服务
300094,5500,12.408112769051998,100875.32301,28140.6609,72734.66210999999,0.7210352337884425,2015-06-15,2018-10-18,168,国联水产,渔业
300300,3300,12.644617085099998,104368.82049,32135.369079,72233.451411,0.6920979950896444,2015-06-12,2018-02-06,168,海峡创新,软件服务
300383,2800,24.215882101125,101682.278852,30102.20668,71580.072172,0.7039581820956807,2015-12-08,2017-01-16,168,光环新网,软件服务
600985,9200,7.929878556599998,122235.324912,50866.985288,71368.33962399999,0.5838601866962736,2015-06-12,2016-01-28,351,淮北矿业,煤炭开采
300059,7500,13.893934184797333,93495.86475000001,25465.3578,68030.50695000001,0.7276311859557404,2015-06-12,2017-05-05,168,东方财富,证券
300434,3800,10.8722938324,97433.51392,31346.43788,66087.07604,0.6782786885245902,2015-06-12,2015-09-15,168,金石亚药,化学制药
300413,2100,20.1465901637,89201.959602,23467.164,65734.795602,0.7369209812799467,2015-06-12,2017-01-18,168,芒果超媒,影视音像
300226,1500,26.948301580200003,79789.611,20124.036239999998,59665.57476,0.7477862595419847,2015-06-12,2017-04-24,168,上海钢联,互联网
300182,4400,15.760243188690001,77282.1148,19624.494384,57657.62041599999,0.7460668042691813,2015-06-12,2018-10-16,168,捷成股份,影视音像
300523,1000,40.1986537953,69047.74799999999,11529.87792,57517.87007999999,0.833015873015873,2016-08-23,2016-07-26,168,辰安科技,软件服务
300601,1300,30.648759981840005,56404.545210000004,2440.232106,53964.313104,0.9567369598156538,2018-07-16,2017-02-07,168,康泰生物,生物制药
300559,4400,9.600465875,72090.31367999999,18805.198895999998,53285.11478399999,0.7391438886023723,2016-11-22,2016-11-01,168,佳发教育,软件服务
300427,2800,14.625171080519998,79246.6248,26178.873924,53067.750876000006,0.6696531367730881,2015-11-11,2018-10-18,168,红相股份,电气设备
600727,4600,24.148200691397385,73935.77782799999,22447.054332,51488.72349599999,0.6963979416809605,2015-06-15,2018-10-18,168,鲁北化工,化工原料
300188,2400,83.2161020766075,73252.69848,22197.160632,51055.53784800001,0.6969782534624246,2015-12-31,2017-07-17,168,国投智能,软件服务
300571,800,52.67959096399999,55536.5468,4520.968032,51015.578768,0.9185947219894486,2018-07-04,2016-12-13,168,平治信息,互联网
300107,4600,9.19135702485,68506.788,19061.507922,49445.280077999996,0.721757383779254,2018-05-24,2016-01-28,168,建新股份,化工原料
300251,4000,25.753192690225,69238.38816,23651.14752,45587.24064,0.6584099059997529,2015-06-12,2018-10-16,168,光线传媒,影视音像
300176,1100,37.0015000355,48407.580936000006,4317.634816,44089.94612000001,0.9108066395280447,2018-06-13,2015-09-15,168,鸿特科技,汽车配件
300470,1900,22.18052529693,65615.26226399999,22689.427942,42925.834321999995,0.6542050254907139,2015-12-17,2015-06-12,168,中密控股,机械基件
600777,13000,5.922293551327999,65846.781,23920.0,41926.781,0.6367324319164517,2015-06-19,2018-06-20,168,新潮能源,石油开采
300618,300,107.22466245491,42416.71785,2294.213427,40122.504423,0.9459125188536953,2018-03-15,2017-03-06,168,寒锐钴业,小金属
300554,800,50.86805195472,47703.476448,9441.859703999999,38261.616744,0.802071873854052,2018-04-12,2017-04-21,168,三超新材,矿物制品
300365,3300,22.31535565532,57043.291041000004,18928.634835,38114.656206,0.6681707087798457,2015-06-18,2015-09-02,168,恒华科技,软件服务
300121,3800,11.083995602679998,57222.439080000004,19541.753612,37680.685468,0.6584949204161047,2015-06-17,2015-09-15,168,阳谷华泰,化工原料
603638,4800,8.73925804752,47213.636399999996,9600.342912,37613.293487999996,0.7966616502345919,2018-08-29,2017-01-20,168,艾迪精密,专用机械
600436,400,126.85859899712999,48585.290784,11102.989144,37482.30164,0.7714742679350926,2018-05-28,2016-02-29,168,片仔癀,中成药
300409,1600,26.28328750047,48380.254032,12276.366367999999,36103.887663999994,0.7462525442739494,2017-09-13,2015-09-15,168,道氏技术,电气设备
300423,3600,11.6085394425,60612.136992,24758.571168,35853.565824000005,0.5915245296289785,2015-12-11,2015-07-08,168,昇辉科技,电气设备
603399,2300,86.49539333435,50747.388392999994,16210.052355,34537.336037999994,0.680573663624511,2015-06-15,2015-09-15,168,永杉锂业,小金属
600673,4900,37.056624989057134,56133.7336,22589.30086,33544.432740000004,0.5975806451612904,2015-06-15,2015-09-02,168,东阳光,综合类
600771,1100,90.89237947608001,49298.785272,16107.835392,33190.94988,0.6732610082961072,2018-06-06,2015-09-15,168,广誉远,中成药
603866,3200,13.0960276447,47790.282176,14652.553664000001,33137.728512,0.6933988878735178,2018-06-06,2015-12-22,168,桃李面包,食品
600641,4300,21.02647966209488,60983.991953000004,28011.675158,32972.316795000006,0.5406716703690302,2015-12-22,2018-10-18,168,先导基电,半导体
300316,2400,157.5518624571558,44891.018544,13116.119424,31774.89912,0.7078230824470108,2018-05-07,2016-02-29,168,晶盛机电,专用机械
300347,1000,38.64823358395999,43897.427200000006,13941.46415,29955.963050000006,0.6824081719759649,2018-07-18,2017-06-02,168,泰格医药,医疗保健
300398,2100,19.323632328,51248.164758,21701.824452,29546.340306,0.5765346026637514,2017-03-28,2015-09-02,168,飞凯材料,化工原料
603939,2300,17.73430014356,44821.620507,15756.06168,29065.558827,0.6484718423436007,2018-07-16,2015-09-01,168,益丰药房,医药商业
300003,1200,32.92331733691,42238.41864,14616.08352,27622.335120000003,0.6539623406696743,2018-05-31,2015-08-26,168,乐普医疗,医疗保健
