code,buy_date,buy_price,shares,buy_technical_score,buy_trend_score,buy_momentum_score,break_ma20_date,break_ma60_date,break_ma120_date,technical_score_low,max_loss_after_ma60,holding_days
600320,2015-08-03,6.31313004,12800,0.203247605208467,0.0,0.6774920173615568,2015-08-06,2015-08-03,2015-08-03,0.016555783297129,-0.5720304123499411,782
600512,2015-08-03,4.83224102,15400,0.1822172181356894,0.0,0.6073907271189647,2015-08-18,2015-08-03,2015-08-03,0.0188810316535155,-0.598305092406173,782
600127,2015-08-03,7.73,9700,0.1418083665591402,0.0,0.4726945551971343,2015-08-03,2015-08-03,2015-08-03,0.0067183009932796,-0.6584734799482536,782
300324,2015-08-03,7.5909663,9400,0.12595271659134,0.0,0.4198423886378,2015-08-03,2015-08-03,2015-08-03,0.0043050697954803,-0.13608957795004306,782
601007,2015-08-03,11.50848834,6200,0.1931562441042499,0.0,0.6438541470141665,2015-08-24,2015-08-03,2015-08-03,0.0033576428631352,-0.5182026043569854,782
600651,2015-08-03,16.03721781,5000,0.2637277028668049,0.0,0.8790923428893498,2015-08-03,2015-08-03,2015-08-21,0.0249738424197897,-0.8123115844867359,782
600478,2015-11-03,13.73697195,2200,0.3179939685016352,0.0,0.8912192029059948,2015-11-27,2016-01-04,2016-01-11,0.0899689387656903,-0.7306867231391558,723
600751,2015-11-03,10.57135072,2700,0.2696491735099252,0.0,0.7451465101385701,2015-11-27,2015-12-25,2015-11-27,0.0413757888751139,-0.7321428571428572,723
600435,2015-11-03,14.7145344,1800,0.166893804875522,0.0,0.3867225101335542,2015-11-03,2015-11-03,2015-11-03,0.026736188084606,-0.5386654232158375,723
300036,2015-11-03,18.8710875,1400,0.3194886766906493,0.0,0.8872523364422922,2016-01-15,2016-01-15,2016-01-18,0.0590247154760041,-0.3593950269161754,723
300292,2015-11-03,9.515064,2900,0.2947691623934477,0.0,0.7838424971976854,2015-11-27,2015-12-31,2016-01-05,0.0890594338970949,-0.6878633711764839,723
600503,2015-11-03,11.06037128,2500,0.2009172416188681,0.0,0.6697241387295604,2015-11-03,2015-11-03,2015-11-03,0.018807252809221,-0.7362058021256588,723
600984,2015-11-03,5.61802416,4900,0.383282063645843,0.0,0.7394342675626742,2015-11-27,2016-01-07,2015-11-03,0.1032460321634847,-0.39233954451345754,723
300182,2015-11-03,12.2227997,2200,0.3219394750551783,0.0,0.8018777881026301,2015-11-03,2016-01-04,2016-01-07,0.0950451146637915,-0.6350989569108295,723
300256,2015-11-03,6.5656206,4100,0.2546669926874132,0.0,0.5879911607403464,2015-12-11,2016-01-04,2015-11-03,0.0722346303973058,-0.5720130401686627,723
300150,2015-11-03,10.97488,2500,0.3430635364869379,0.0,0.4768784549564596,2015-12-10,2016-01-04,2015-11-03,0.0649396549504141,-0.6594162141180586,723
600482,2015-11-03,35.76884076,700,0.2017613735973499,0.0,0.3904882596678648,2015-11-03,2015-11-03,2015-11-03,0.0207878759576126,-0.5569212783176595,723
600233,2015-11-03,7.93238664,3500,0.2726056582254516,0.0,0.6664251955585433,2015-12-01,2016-12-06,2015-11-03,0.1205119294950082,0.10163208080840613,723
600666,2015-11-03,10.25389378,2700,0.3212082324972972,0.0,0.4040274416576574,2016-01-04,2015-11-03,2015-11-03,0.0265252801939552,-0.8260467586002241,723
300063,2015-11-03,15.66904416,1700,0.3037464622549287,0.0,0.7635979938976101,2015-11-24,2015-12-09,2016-05-12,0.0585668626911139,-0.8257711209360712,723
601919,2015-11-03,4.90628995,5600,0.3659693645581266,0.0,0.5532312151937554,2015-12-25,2015-12-25,2015-11-03,0.0203266352512077,-0.7067927773000859,723
600576,2015-11-03,18.99,1400,0.2678051406231274,0.0,0.8671489066022885,2015-11-13,2016-01-07,2016-01-11,0.0593608434687716,-0.794102159031069,723
300316,2015-11-03,10.29298232,2600,0.0691971769952086,0.0,0.0798581493572715,2015-11-03,2015-11-03,2015-11-03,0.0404061782016098,-0.469050894085282,723
600191,2015-11-03,17.37486164,1700,0.8140902449920775,1.0,0.8886066019127661,2015-12-28,2016-01-04,2016-01-07,0.0841298426715492,-0.7990300416573561,723
600797,2015-11-03,12.63418494,2100,0.3062013894598483,0.0,0.7913798875955806,2015-11-27,2016-01-04,2015-11-03,0.015711268775629,-0.48886123792960723,723
600763,2015-11-03,38.41455024,700,0.3689248965110872,0.0,0.5630829883702907,2015-12-15,2015-12-15,2015-12-15,0.0334714015446438,-0.5907937658571947,723
300242,2015-11-03,18.12948248,1500,0.8348502992415409,1.0,0.9459049264817702,2016-01-22,2016-01-22,2016-01-26,0.0789522130660313,-0.8085990593593602,723
300291,2015-11-03,28.13600582,900,0.2455141497869534,0.0,0.4973792684432099,2015-12-02,2016-01-04,2015-11-03,0.0182598310431377,-0.8468154994147638,723
300073,2015-11-03,13.10267112,2100,0.2762712578641614,0.0,0.7707986987132491,2015-12-02,2016-01-05,2016-01-11,0.0342227658881247,-0.2485693848354792,723
300299,2015-11-03,18.73958279,1300,0.2804966789242878,0.0,0.9325138444385854,2015-11-30,2016-01-04,2016-01-08,0.0614782278161775,-0.8173129248199233,723
600515,2015-11-03,11.02909563,2500,0.3915901171841702,0.0,0.6386337239472339,2015-12-22,2015-12-22,2015-11-20,0.0163445942339741,-0.6942909760589319,723
600637,2015-11-03,20.45965867,1300,0.2703508393385289,0.0,0.4786294171698522,2015-11-18,2015-12-08,2015-11-03,0.0711953492594314,-0.6730685097006068,723
300383,2015-11-03,17.39662958,1500,0.0958694128038868,0.0,0.2631672407879535,2015-11-03,2015-11-03,2015-11-03,0.0240919047767406,-0.3820189105848628,723
300136,2015-11-03,17.59556106,1600,0.2508712159165662,0.0,0.6365955690507217,2015-11-03,2015-12-02,2015-12-02,0.0777913849299563,-0.20714781401804305,723
300189,2015-11-03,11.35,2400,0.3959485679726091,0.0,0.6531618932420304,2015-12-04,2015-12-04,2015-12-04,0.0126571189610531,-0.8026431718061674,723
300401,2016-02-02,10.92389406,20900,0.7586197544564814,1.0,0.8620658481882715,2016-03-10,2016-04-12,2016-04-20,0.093749911311041,-0.2577536155637159,659
300209,2016-05-04,19.26680697,1600,0.24447413822444,0.0,0.4967704228467476,2016-05-04,2016-05-04,2016-05-06,0.1007167264955097,-0.5359243223891603,600
300331,2016-05-04,25.26677564,1200,0.3429145963809445,0.0,0.4763826716385978,2016-05-04,2016-05-04,2016-05-04,0.1168446636857996,-0.6248721366332598,600
300288,2016-05-04,35.92872234,800,0.2269012458365562,0.0,0.4845580244751756,2016-05-04,2016-05-04,2016-05-04,0.0913654161816978,-0.6703498975577544,600
600604,2016-05-04,13.41334792,2400,0.2385485285559735,0.0,0.4203929954555436,2016-05-04,2016-05-04,2016-05-04,0.0845892755258826,-0.7707901473713507,600
600072,2016-05-04,14.92208256,2100,0.2328672372030837,0.0,0.3899966275736773,2016-05-04,2016-05-06,2016-05-04,0.083452001762721,-0.5619203061157705,600
600531,2016-05-04,7.29353961,4400,0.3131428149830653,0.0,0.6286016211258716,2016-05-04,2016-05-06,2016-09-12,0.1099700436236541,-0.5866309211694265,600
300359,2016-05-04,27.76957542,1100,0.2304394936514759,0.0,0.4427751770081601,2016-05-04,2016-05-09,2016-05-04,0.1133299144533108,-0.7958197086471694,600
600990,2016-05-04,45.4150036,700,0.809331801677313,1.0,0.694227863557741,2016-05-06,2016-05-09,2016-09-01,0.0965522384977747,-0.5757167043360094,600
300340,2016-05-04,13.3201805,2400,0.3561232989437816,0.0,0.5204109964792719,2016-07-08,2016-08-05,2016-05-04,0.0647892901397918,-0.1352942942477393,600
601069,2016-05-04,22.84089366,1400,0.3371090881032278,0.0,0.7418705427857301,2016-05-04,2016-05-06,2016-05-09,0.0677620753777523,-0.44330245877078345,600
300080,2016-05-04,8.86,3600,0.3220685717218493,0.0,0.7715968618806246,2016-05-04,2016-05-09,2016-05-06,0.1259916834424556,-0.5519187358916477,600
300159,2016-05-04,12.60672,2600,0.294429192499966,0.0,0.6103893020691518,2016-05-06,2016-05-09,2016-05-06,0.0948356551617656,-0.6160391378566352,600
300113,2016-05-04,40.93196653,700,0.3184174219479922,0.0,0.8528956100666408,2016-05-25,2016-06-13,2016-06-13,0.0896062639619562,-0.68799732623059,600
600773,2016-05-04,15.2287674,2100,0.2751320983851441,0.0,0.586942349745264,2016-05-10,2016-08-05,2016-05-04,0.0978222470919106,-0.6371877227568661,600
600416,2016-05-04,12.076475,2600,0.2404115094990965,0.0,0.3485451598644131,2016-05-04,2016-05-04,2016-05-04,0.0954987807320426,-0.5917682933140673,600
600237,2016-05-04,7.5409708,4300,0.300658063831711,0.0,0.7191658221649816,2016-05-04,2016-05-06,2016-05-09,0.0991195742656802,-0.6171052631578948,600
600326,2016-05-04,4.82442625,6700,0.2695041577054272,0.0,0.4678907768093798,2016-05-04,2016-05-06,2016-05-04,0.1125183668951289,-0.17672435141899,600
600771,2016-05-04,18.77626764,1700,0.1921538918640031,0.0,0.2374537522487696,2016-05-04,2016-05-04,2016-05-04,0.0794572677055255,-0.0932977913175933,600
300365,2016-05-04,11.17616537,2800,0.2462445457139506,0.0,0.5081916647450261,2016-05-11,2016-07-25,2016-05-04,0.1333816249968152,-0.15191038552071812,600
600692,2016-05-04,14.70279024,2100,0.2543992663066263,0.0,0.4902934030438888,2016-05-09,2016-05-11,2016-05-09,0.0699329400748808,-0.6409214092140921,600
600848,2016-05-04,11.16226044,2900,0.3320279789595888,0.0,0.4400933000294333,2016-08-23,2016-05-06,2016-05-04,0.091513826682989,0.0,600
601999,2016-05-04,8.8152764,3700,0.2706041104859961,0.0,0.4954087689761061,2016-05-06,2016-05-06,2016-05-04,0.1008897812237955,-0.5505432739465775,600
300249,2016-05-04,11.34796264,2900,0.2775067928751534,0.0,0.7097438686267334,2016-05-09,2016-05-09,2016-05-09,0.0636940239886461,-0.4956217162872154,600
300191,2016-05-04,29.89908368,1100,0.1975901254348951,0.0,0.3504334689328319,2016-05-04,2016-05-04,2016-05-04,0.0942092359953104,-0.48511310029552046,600
600490,2016-05-04,7.32785236,4400,0.2328774373373156,0.0,0.4410994841714206,2016-05-04,2016-05-04,2016-05-09,0.0642739235157548,-0.4131897711978465,600
300377,2016-05-04,14.87916087,2100,0.2066752656444777,0.0,0.4778854951546626,2016-05-06,2016-05-10,2016-05-09,0.0962117273826485,-0.404032468129367,600
300040,2016-05-04,7.91943097,4000,0.2891977501856796,0.0,0.7300536520802496,2016-05-09,2016-08-24,2016-09-23,0.113638586312892,-0.6111792183472999,600
600178,2016-05-04,9.0509739,3600,0.2452630181540844,0.0,0.4725937058815366,2016-05-04,2016-05-09,2016-05-04,0.1065539159384281,-0.5769748822278673,600
600962,2016-05-04,16.15,2000,0.2862342869978554,0.0,0.5722657114234212,2016-05-05,2016-05-06,2016-05-06,0.0949099107157712,-0.5826625386996904,600
300070,2016-05-04,15.65200304,2000,0.3138901120956793,0.0,0.5631653676314365,2016-05-06,2016-05-10,2016-05-04,0.0929668591612466,-0.5382709004380566,600
300222,2016-05-04,24.16991352,1300,0.24013331079853,0.0,0.5884626638278885,2016-05-04,2016-05-09,2016-07-27,0.1248872404895067,-0.4337038190610788,600
600711,2016-05-04,6.24919637,5200,0.2455278218367664,0.0,0.3832710772277289,2016-05-04,2016-05-06,2016-05-04,0.0969194665112559,-0.29987093684495625,600
600880,2016-05-04,9.4517304,3400,0.2523290932442038,0.0,0.534695837149352,2016-05-04,2016-05-04,2016-05-09,0.1149802829818081,-0.6359738741595931,600
300013,2016-05-04,10.19273397,3100,0.2486954574597289,0.0,0.4133878524504491,2016-05-04,2016-05-06,2016-05-04,0.1236599255376457,-0.46896386034099546,600
600313,2016-05-04,5.07541762,6500,0.3566696065428851,0.0,0.6887743055158152,2016-05-09,2016-07-29,2016-05-06,0.0999439978990981,-0.5948327617619769,600
600216,2016-05-04,11.25017262,2800,0.3058402237523832,0.0,0.6570353414753543,2016-05-04,2016-05-06,2016-06-24,0.1062130591243941,-0.4045104705246736,600
600391,2016-05-04,39.329568,800,0.2126400631985044,0.0,0.2688274799480549,2016-05-04,2016-05-04,2016-05-04,0.0950711266286447,-0.7228548251534317,600
300215,2016-05-04,10.63131718,3200,0.2906857819363861,0.0,0.5984003675459832,2016-05-06,2016-05-09,2016-05-04,0.111202043308573,-0.5687042336930822,600
300065,2016-05-04,13.7245992,2300,0.2549016029468006,0.0,0.5336861737875026,2016-05-09,2016-05-09,2016-05-04,0.0410534779166748,-0.4845030585665482,600
600986,2016-05-04,12.99972423,2500,0.1774277215634437,0.0,0.2263606457723629,2016-05-04,2016-05-04,2016-05-04,0.0966704483778813,-0.7035942646300275,600
300131,2016-08-02,10.48470147,34600,0.2696245893973468,0.0,0.5287544380425813,2016-08-02,2016-08-02,2016-09-01,0.0720124390389753,-0.5914264404897738,538
300101,2016-08-02,23.62189986,15400,0.2650500258695906,0.0,0.4402449273239525,2016-08-02,2016-08-02,2016-09-12,0.1165240686016703,-0.5796553173602355,538
300279,2016-08-02,14.44672304,24800,0.2547737950972348,0.0,0.4544463854411967,2016-08-02,2016-08-02,2016-12-12,0.0466525990987984,-0.7224284020052758,538
300153,2016-08-02,22.2742292,17400,0.21519626649269,0.0,0.524260404453087,2016-08-02,2016-08-03,2016-09-26,0.0784072793749144,-0.7186001641753781,538
600293,2016-11-01,9.83320345,7600,0.891414940514512,1.0,0.8046271634264168,2016-12-12,2017-01-24,2017-03-31,0.1161377218496002,-0.6216899183551419,480
300343,2016-11-01,12.96202618,6000,0.2650761580393385,0.0,0.5797485844446192,2016-11-01,2016-11-01,2016-11-02,0.0874085295192003,-0.7263437003797195,480
600127,2016-11-01,6.88,11000,0.3437836041019237,0.0,0.6766372562148293,2016-11-01,2016-12-02,2016-12-12,0.1441870425210792,-0.6162790697674418,480
600967,2016-11-01,11.14090359,6700,0.8627420571234006,1.0,0.7226640616700928,2016-11-04,2017-03-09,2017-05-05,0.1164645900856665,-0.1856239822285367,480
300370,2016-11-01,6.61589253,11600,0.8535843790372851,1.0,0.7127104010524733,2016-11-04,2016-11-08,2016-11-29,0.1063868627244888,-0.6489656490837827,480
300271,2016-11-01,20.32432479,3600,0.3388159620542227,0.0,0.688033122223359,2016-11-01,2016-11-17,2016-11-24,0.1435633216489959,-0.4260067204918939,480
600267,2016-11-01,13.18471137,5600,0.3561022732377769,0.0,0.6256127933098926,2016-11-01,2016-11-09,2016-12-05,0.113858431884384,-0.26662001399580126,480
300164,2016-11-01,8.06506332,9300,0.310568688037007,0.0,0.6623756835062712,2016-11-01,2017-01-16,2017-02-17,0.1170305554484532,-0.3555035523267287,480
600693,2016-11-01,9.329168,8000,0.8795670327050233,1.0,0.8801455265136365,2016-11-11,2016-12-12,2017-06-30,0.056702843036229,-0.4708931921903432,480
300143,2016-11-01,12.4621728,6000,0.8979754415452269,1.0,0.8220640302673552,2016-12-15,2016-12-15,2016-12-15,0.0731833585412921,-0.4786770810945584,480
300308,2016-11-01,14.45190663,5600,0.8008746644850964,1.0,0.9645491715821122,2016-11-14,2016-12-12,2017-11-29,0.0587784659687325,-0.29194050501556557,480
300405,2016-11-01,14.34857814,5200,0.9070569996125186,1.0,0.9048794628901458,2016-11-28,2016-12-02,2016-12-12,0.107527964697359,-0.7652542581476997,480
300401,2016-11-01,12.07074467,6100,0.878936764244503,1.0,0.7678270630829066,2016-11-30,2016-12-14,2017-02-22,0.093749911311041,-0.14571718465485528,480
600390,2016-11-01,10.20960915,7300,0.3982318158039502,0.0,0.6780574145959286,2016-11-14,2016-11-14,2016-12-02,0.126494507278215,-0.5618729096989967,480
300337,2016-11-01,11.2703706,6700,0.864409718049158,1.0,0.8021561316798743,2016-11-07,2016-11-30,2016-12-22,0.0379130087588401,-0.7145466316786424,480
300317,2016-11-01,21.8860916,3400,0.888939390924411,1.0,0.8627636359868336,2016-11-21,2016-12-12,2017-01-09,0.0048084782497415,-0.7797688098865492,480
600110,2016-11-01,11.682732,6200,0.3292727059517381,0.0,0.8654159283307461,2016-11-01,2016-11-24,2016-11-30,0.1120769747479099,-0.6716886812091556,480
300221,2016-11-01,22.58741646,3400,0.1830298839274142,0.0,0.3853655292819494,2016-11-01,2016-11-01,2016-11-02,0.066236669171803,-0.7836126442944241,480
300022,2016-11-01,8.84,8500,0.3575974667459748,0.0,0.7264311950238485,2016-11-01,2016-12-13,2016-12-14,0.0826413754205193,-0.6346153846153846,480
300069,2016-11-01,46.23,1600,0.8878918110132512,1.0,0.9172715557179952,2016-11-25,2017-01-10,2017-01-16,0.0452737051799432,-0.8195976638546398,480
300283,2016-11-01,10.13077447,7500,0.851823443277721,1.0,0.7025272198253927,2016-11-28,2016-12-08,2016-12-12,0.1006170141073194,-0.6359463167478844,480
600215,2016-11-01,8.05249776,9300,0.3722077384068826,0.0,0.7717692063411692,2016-11-01,2017-02-15,2017-04-24,0.1173813570889475,-0.23837513740581284,480
600103,2016-11-01,4.99874592,15600,0.338286063456764,0.0,0.6198958656764195,2016-11-01,2016-11-02,2016-12-05,0.1324003167825067,-0.6383928571428572,480
600339,2016-11-01,5.6942487,13200,0.3175464292413388,0.0,0.6036244710931853,2016-11-01,2017-01-17,2017-04-20,0.0973701813361866,-0.41587301587301584,480
601177,2016-11-01,10.91005578,6800,0.3309420578924085,0.0,0.7799712742678158,2016-11-01,2016-11-29,2016-12-12,0.1065973558012548,-0.4976243512844808,480
300136,2016-11-01,25.43723,2900,0.338375652742125,0.0,0.7367091228550818,2016-11-01,2016-12-20,2018-01-11,0.0777913849299563,-0.1975093329737554,480
600640,2016-11-01,21.02396786,3600,0.3462625590514845,0.0,0.748698467595777,2016-11-01,2016-11-09,2016-12-13,0.0848615810528344,-0.612399198178759,480
300132,2016-11-01,10.86659098,7200,0.8433706703016284,1.0,0.7491093090129397,2016-11-21,2016-12-12,2017-01-16,0.1421165533544475,-0.38330341113105926,480
300252,2016-11-01,27.15797504,2700,0.3076604970728925,0.0,0.6291896188832803,2016-11-01,2016-11-07,2016-11-29,0.0934841764297059,-0.7149351294197228,480
300238,2016-11-01,42.95821533,1700,0.262936129070614,0.0,0.4200293183596483,2016-11-01,2016-11-01,2016-11-01,0.0100693048290188,-0.799107110625864,480
600257,2017-02-06,10.35846635,111300,0.2533750431858756,0.0,0.3785330490235614,2017-02-06,2017-02-06,2017-02-06,0.0914427660505741,-0.6408734773753453,417
600685,2017-05-03,30.98445045,1800,0.1979833596301549,0.0,0.4626445401904475,2017-05-03,2017-05-03,2017-05-03,0.0770860252964211,-0.716171953277293,358
600217,2017-05-03,7.6497849,8000,0.1721882837496425,0.0,0.2373587871750043,2017-05-03,2017-05-03,2017-05-03,0.0969920644513988,-0.47600518806744485,358
600435,2017-05-03,15.15568536,3900,0.2189422517845395,0.0,0.3843911462333193,2017-05-03,2017-05-03,2017-05-04,0.11141119726376,-0.5520939278723584,358
300188,2017-05-03,10.93403012,5400,0.2360111374497618,0.0,0.2695900912817447,2017-05-03,2017-05-03,2017-05-03,0.0917290851865311,-0.15412553024867637,358
600155,2017-05-03,16.7559,3400,0.2426746474274851,0.0,0.8089154914249503,2017-05-05,2017-05-10,2017-05-10,0.0601026920144082,-0.6532564648869951,358
300036,2017-05-03,18.86387425,3100,0.3218022095019751,0.0,0.7165984624207422,2017-05-05,2017-05-10,2017-05-09,0.1379111693891128,-0.32921234353542195,358
600698,2017-05-03,10.64,5600,0.2054141525734589,0.0,0.4213097693276982,2017-05-03,2017-05-03,2017-05-08,0.0853435698631635,-0.6306390977443609,358
600582,2017-05-03,3.502704,16300,0.2140734830654154,0.0,0.2763206162263534,2017-05-03,2017-05-03,2017-05-03,0.1528529007992156,-0.3109148674852342,358
300141,2017-05-03,12.6970368,4500,0.1841727980917255,0.0,0.1982557617965539,2017-05-03,2017-05-03,2017-05-03,0.086188981042736,-0.5682187390368121,358
600055,2017-05-03,12.09627811,4900,0.3262518708258222,0.0,0.6131180579496279,2017-05-04,2017-05-08,2017-05-05,0.0925426562213845,-0.5083311134287405,358
600117,2017-05-03,5.34,11200,0.2028977128837569,0.0,0.2813163496512689,2017-05-03,2017-05-03,2017-05-03,0.1067248450317381,-0.26779026217228463,358
600392,2017-05-03,8.83038336,6600,0.2428567406792809,0.0,0.3854556179157208,2017-05-03,2017-05-03,2017-05-03,0.0916075425746948,-0.12872458801154485,358
600184,2017-05-03,19.99651384,2900,0.1907117217702101,0.0,0.2229651216801637,2017-05-03,2017-05-03,2017-05-03,0.111448370315658,-0.5252553932170809,358
300376,2017-05-03,9.6862362,6200,0.1926295692294253,0.0,0.4343388176101553,2017-05-03,2017-05-03,2017-05-03,0.1010332547112193,-0.5945031838063168,358
600545,2017-05-03,13.19898448,4800,0.8169558428637327,1.0,0.7774609147404303,2017-05-08,2017-05-08,2017-05-15,0.1217041783365457,-0.42944381430168943,358
300374,2017-05-03,20.2258316,3000,0.2214767046885863,0.0,0.6826998001836343,2017-05-03,2017-05-08,2017-05-05,0.0714110947866842,-0.640408326152582,358
603616,2017-05-03,29.81070945,2000,0.7986934358062641,1.0,0.9956447860208804,2017-05-22,2017-06-23,2017-07-17,0.0754121241685226,-0.6890499648944115,358
601008,2017-05-03,8.25379242,7500,0.7957985525179476,1.0,0.8848121182247696,2017-05-10,2017-06-01,2017-07-17,0.1370838957352969,-0.6764716842733489,358
600428,2017-05-03,5.72756322,10200,0.2432946324193072,0.0,0.4505044269361245,2017-05-03,2017-05-03,2017-05-03,0.1321769929836876,-0.5282360375238251,358
600540,2017-05-03,6.46,9600,0.1397410218740613,0.0,0.1642159208721003,2017-05-03,2017-05-03,2017-05-03,0.0746246947552951,-0.4969040247678018,358
600309,2017-05-03,18.23937995,3200,0.3171311729014726,0.0,0.6811187506107829,2017-05-03,2017-05-05,2018-01-22,0.1346518319262082,-0.06261054120976295,358
300420,2017-05-03,6.2903187,10500,0.0941168124093638,0.0,0.257215736009713,2017-05-08,2017-05-03,2017-05-03,0.0400688253856417,-0.5053889463502064,358
300222,2017-05-03,23.52164064,2500,0.2506734847235867,0.0,0.4864511367633954,2017-05-03,2017-05-03,2017-05-23,0.1248872404895067,-0.41809629993564945,358
300257,2017-05-03,19.3564075,2900,0.2813160135232057,0.0,0.5002635877157017,2017-05-03,2017-05-03,2017-05-12,0.0630282518079152,-0.5727807239024081,358
600733,2017-05-03,14.33306394,4100,0.3485643428091907,0.0,0.4952144760306357,2018-09-19,2018-09-19,2018-09-19,0.0063364306365561,-0.44882685006706247,358
601118,2017-05-03,5.64954676,10400,0.1887545377815901,0.0,0.1538014896992472,2017-05-03,2017-05-03,2017-05-03,0.0973380713091661,-0.12937062937062938,358
300099,2017-05-03,8.69468766,6900,0.1710354151969472,0.0,0.3346664047303838,2017-05-03,2017-05-03,2017-05-03,0.1105818767673086,-0.6177976219562096,358
600256,2017-05-03,2.57233977,23000,0.2664832663383182,0.0,0.348617678819444,2017-05-03,2017-05-03,2017-05-03,0.1710483981628547,-0.06526806526806528,358
603333,2017-05-03,8.19526764,7200,0.240445184999346,0.0,0.3672917553011554,2017-05-03,2017-05-03,2017-05-03,0.1342654404029216,-0.38745119494352487,358
600592,2017-05-03,13.88605946,4200,0.1790551874622163,0.0,0.3755587996593013,2017-05-03,2017-05-03,2017-05-03,0.0682431146509063,-0.6834902340249664,358
300355,2017-05-03,9.70300246,6300,0.8393370853588685,1.0,0.8940362320882589,2017-05-05,2017-05-23,2018-01-15,0.0682953557160109,-0.6396500625024061,358
601155,2017-05-03,12.9291708,4600,0.366280570778069,0.0,0.7292534887350343,2017-05-03,2017-05-10,2018-04-27,0.0819155071608016,-0.0346153846153846,358
300223,2017-05-03,21.27551904,2700,0.04541080145901,0.0,0.0188301473818438,2017-05-03,2017-05-03,2017-05-03,0.044051830577813,-0.2139545489556245,358
300189,2017-05-03,4.12,14500,0.1935844929574758,0.0,0.1514818677658193,2017-05-03,2017-05-03,2017-05-03,0.1189150446486112,-0.4563106796116504,358
300201,2017-05-03,8.4851448,6900,0.3421589496198728,0.0,0.4738631748921693,2017-06-13,2017-06-13,2017-07-26,0.128570537493489,-0.5528354024082183,358
600876,2017-05-03,21.31,2800,0.2057037171731458,0.0,0.2441009195119459,2017-05-03,2017-05-03,2017-05-03,0.084044729994284,-0.46503988737681834,358
600798,2017-05-03,5.4433655,11000,0.2356173640364874,0.0,0.4809718213901813,2017-05-03,2017-05-04,2017-05-08,0.0923921030034924,-0.48837539753668935,358
300011,2017-05-03,18.65895,3100,0.1987387598204535,0.0,0.4001806914188197,2017-05-03,2017-05-03,2017-05-03,0.1051433600544399,-0.7143461984731188,358
603588,2017-05-03,10.23959124,5600,0.8242747447028941,1.0,0.812937630485571,2017-05-05,2017-05-22,2017-05-31,0.1389056933552089,-0.574314507499813,358
300276,2017-05-03,6.03613416,9900,0.1487732084339434,0.0,0.1504400159171718,2017-05-03,2017-05-03,2017-05-03,0.099893463805597,-0.37363825591311906,358
300072,2017-05-03,28.9799716,1900,0.2525593577766996,0.0,0.5461856511175702,2017-05-03,2017-05-26,2017-05-31,0.0681500519149858,-0.6394626798046965,358
600807,2017-05-03,13.73,4300,0.3577927566959744,0.0,0.5259758746767933,2017-05-12,2017-05-12,2017-05-03,0.0834223389083836,-0.8601602330662782,358
300194,2017-05-03,7.70107464,7800,0.2678531920733481,0.0,0.4219459816169439,2017-05-03,2017-05-03,2017-05-03,0.1042451436954541,-0.6253049678271914,358
600191,2017-05-03,8.98462986,6600,0.1613775609307978,0.0,0.1357472008359612,2017-05-03,2017-05-03,2017-05-03,0.0841298426715492,-0.6113556958483318,358
600586,2017-05-03,4.4654913,13000,0.3145179228013547,0.0,0.5895201739502094,2017-05-03,2017-05-05,2017-05-08,0.1525707208550494,-0.43555155062109296,358
600111,2017-05-03,11.01177792,5300,0.2420384498624661,0.0,0.323413014445599,2017-05-03,2017-05-03,2017-05-03,0.1244281096228039,-0.1876616378402226,358
600258,2017-05-03,16.39789863,3400,0.264972026725028,0.0,0.4823203783996886,2017-05-03,2017-05-03,2017-05-23,0.1019166092951877,-0.15467946882898864,358
600963,2017-05-03,5.95513713,9600,0.2267765716090073,0.0,0.4315772911132767,2017-05-03,2017-05-03,2017-05-03,0.1367669091931778,-0.5261517411942451,358
600279,2017-05-03,6.83741184,8800,0.2561691879562556,0.0,0.597220093704742,2017-05-03,2017-05-03,2017-05-05,0.1316333948382228,-0.5018437122547236,358
600406,2017-05-03,7.96201162,7400,0.3375793476672791,0.0,0.4585978398752122,2017-06-08,2017-06-08,2017-06-08,0.1519073167801627,-0.07877512366654904,358
600326,2017-05-03,7.51760775,7700,0.8194460877776347,1.0,0.8847392266220373,2017-05-08,2017-05-12,2017-05-23,0.1125183668951289,-0.4716626908340622,358
300316,2017-08-01,10.73755496,29800,0.2946615022716385,0.0,0.6525150795168788,2017-08-29,2018-01-10,2018-02-01,0.0691252536823257,-0.22624339889758294,296
300456,2017-08-01,10.92527025,27700,0.1397528210213796,0.0,0.1513678024451577,2017-08-01,2017-08-01,2017-08-01,0.0991951711253743,-0.13826771653543302,296
600293,2017-11-01,9.05065779,8100,0.246592451955637,0.0,0.3486272162130316,2017-11-01,2017-11-01,2017-11-01,0.1161377218496002,-0.5889801508007297,235
300410,2017-11-01,20.53694656,3600,0.8471368690207184,1.0,0.6528972311808648,2017-11-17,2017-11-22,2017-11-23,0.0900131709284501,-0.5507941936232998,235
601600,2017-11-01,7.56385067,9700,0.4260434388008648,0.0,0.753478129336216,2018-02-26,2018-02-26,2018-02-26,0.0756301465101636,-0.5760197775030902,235
601003,2017-11-01,5.55629844,13200,0.8788483263224345,1.0,0.8394434843507752,2018-01-18,2018-01-18,2018-01-23,0.1158829317939312,-0.3107769423558897,235
600779,2017-11-01,41.0350194,1800,0.8695440790512478,1.0,0.9245278499097392,2017-11-20,2017-11-24,2018-02-02,0.0970627618214126,-0.3401895177366482,235
600490,2017-11-01,10.36550852,7100,0.2945986666302659,0.0,0.7259259322500313,2017-11-01,2017-11-16,2017-11-17,0.0642739235157548,-0.5851569933396765,235
300320,2017-11-01,12.68101888,5900,0.863167973736657,1.0,0.7466320884941198,2017-11-03,2017-11-16,2018-01-17,0.0699370104967078,-0.6867469879518072,235
601225,2017-11-01,4.58495204,16200,0.2648340055936296,0.0,0.4058594902543613,2017-11-01,2017-11-01,2017-12-07,0.1347261413485014,-0.07160804020100509,235
600303,2017-11-01,9.73031955,7500,0.2200869686476627,0.0,0.3084451302390932,2017-11-01,2017-11-01,2017-11-01,0.0887509763311055,-0.5862970409846406,235
601012,2017-11-01,9.09398817,7900,0.8804505261660706,1.0,0.8903696065267882,2017-11-24,2018-01-15,2018-02-08,0.0758387436103372,-0.4697569284390216,235
600231,2017-11-01,4.67650944,15400,0.2808233233819509,0.0,0.6984298989609654,2017-11-01,2017-11-03,2017-12-20,0.1157789277239858,-0.42013888888888895,235
601678,2017-11-01,5.61382363,13000,0.3035455832173713,0.0,0.5607254025775654,2017-11-01,2017-11-01,2017-11-14,0.1117756642089386,-0.3824572646932266,235
300015,2017-11-01,4.6693613,15800,0.8854429103451954,1.0,0.8061936696000271,2017-11-17,2018-06-19,2018-08-17,0.1676476517698096,0.4831507769595811,235
600280,2017-11-01,8.3404977,8700,0.3125545314047792,0.0,0.5559184639837633,2017-11-01,2017-11-02,2017-11-22,0.040693106090146,-0.6115339735661098,235
600516,2017-11-01,12.100105,6000,0.2140675725308069,0.0,0.4374711706217434,2017-11-02,2017-11-01,2017-11-20,0.125650156770867,-0.34052105911477626,235
603899,2017-11-01,19.71123,3700,0.8999210433305239,1.0,0.9261379067252512,2017-11-14,2018-01-19,2018-07-05,0.1888762732425772,0.00043478260869567187,235
603799,2017-11-01,38.2673616,1900,0.8435122872563541,1.0,0.8275467127329964,2017-11-13,2017-11-14,2018-06-04,0.0690530133290217,-0.5126647560672173,235
600276,2017-11-01,29.62153168,2500,0.9299922269246316,1.0,0.9435079227701098,2017-11-14,2017-12-07,2018-08-03,0.1171233460275585,-0.059115457597430976,235
600645,2017-11-01,28.4,2500,0.8961922451341161,1.0,0.7595966285077872,2018-01-19,2018-01-19,2018-01-19,0.0654579825423935,-0.4721830985915493,235
300122,2017-11-01,17.24487288,4100,0.3794663764505699,0.0,0.7781930800946241,2017-11-01,2017-12-26,2018-01-31,0.1259408733741152,-0.13688760806916422,235
600569,2017-11-01,3.89268212,18600,0.2695868922859986,0.0,0.5664284267929289,2017-11-01,2017-11-01,2018-02-09,0.1221587691240721,-0.268348623853211,235
600690,2017-11-01,13.84568757,5100,0.8777845696597474,1.0,0.83117935535507,2017-11-27,2018-02-07,2018-03-23,0.1301842822172776,-0.19170838837583282,235
603025,2017-11-01,11.336355,6600,0.857261722248588,1.0,0.8334037963783446,2017-11-17,2017-11-23,2017-12-07,0.1512378322676344,-0.2630004106258139,235
600580,2017-11-01,6.58560353,11200,0.8337067329257044,1.0,0.7063764307917981,2017-11-17,2017-11-27,2018-01-31,0.1365933474990636,-0.30832191472662196,235
300073,2017-11-01,27.13154704,2600,0.2710492501637798,0.0,0.497934566280703,2017-11-01,2017-11-01,2017-11-17,0.1037933120532801,-0.31682825484764543,235
600567,2017-11-01,4.36267539,16600,0.2771775784337753,0.0,0.5138503288288354,2017-11-01,2017-11-01,2017-11-20,0.1413728652642831,-0.33382472446569067,235
300227,2017-11-01,9.59687531,7800,0.337024620646648,0.0,0.6902710220350557,2017-11-01,2017-11-17,2017-11-23,0.1128605028700238,-0.5302830041666968,235
600809,2017-11-01,35.67977876,2000,0.8774529515905265,1.0,0.808845539735553,2017-11-17,2017-11-23,2018-02-06,0.1070738886485511,-0.37930030819507243,235
300308,2017-11-01,23.88181488,3000,0.308460466977246,0.0,0.5712263613482439,2017-11-01,2017-11-24,2017-11-29,0.0587784659687325,-0.20484265557626657,235
600703,2017-11-01,24.2324715,3000,0.8897316796304775,1.0,0.873922841212919,2017-11-17,2017-12-27,2018-01-15,0.1170691834098511,-0.4827015358297233,235
600619,2017-11-01,13.13379368,5700,0.2851202358498568,0.0,0.5528216822673095,2017-11-01,2017-11-03,2017-11-23,0.126357299253136,-0.35367545076282947,235
600966,2017-11-01,5.6248808,13000,0.2336252351520045,0.0,0.4243986850243776,2017-11-01,2017-11-01,2017-11-17,0.133157153209585,-0.46266233766233766,235
600682,2017-11-01,37.64079825,1900,0.3682395743694614,0.0,0.5607985812315381,2017-12-26,2017-12-11,2017-12-26,0.0027531916319731,-0.7795502607333786,235
600308,2017-11-01,4.0757944,18000,0.2956648916925504,0.0,0.5030959257140524,2017-11-01,2017-11-01,2017-11-17,0.1454343209927567,-0.3942400774680882,235
600985,2017-11-01,7.9219566,9200,0.3181402540663983,0.0,0.3938008751610404,2017-12-22,2017-12-22,2017-11-01,0.1096440052247101,-0.2776155527032299,235
600519,2017-11-01,512.33912661,100,0.8931115916121407,1.0,0.9299034007223828,2017-11-22,2018-02-07,2018-04-02,0.1670346277423557,0.02557101870529732,235
603027,2017-11-01,5.11060194,15000,0.2916846321735682,0.0,0.5764477096713659,2017-11-01,2017-11-14,2017-11-23,0.0972007319438076,-0.2909398731218734,235
300274,2017-11-01,13.06961621,5700,0.8609664941974867,1.0,0.8430928165711822,2017-11-23,2017-11-30,2018-01-16,0.0626996105403786,-0.7229913172790863,235
600638,2017-11-01,12.38408622,5700,0.2758323634899702,0.0,0.3943798653847336,2017-11-01,2017-11-01,2017-11-01,0.1109067063148752,-0.42384082093381936,235
600438,2017-11-01,8.38488015,9000,0.8555741114873816,1.0,0.8447021413797926,2017-11-03,2018-01-17,2018-02-05,0.0516301245753212,-0.49496735024888827,235
600787,2017-11-01,9.06919757,8100,0.8863105871165117,1.0,0.8189291701354908,2017-11-23,2018-01-30,2018-01-31,0.0903987566472104,-0.5379132136383704,235
300266,2017-11-01,18.1652046,4000,0.2472512307421512,0.0,0.3193834509509977,2017-11-01,2017-11-01,2017-11-01,0.0040889674091911,-0.8271420515681942,235
300323,2017-11-01,20.54500394,3500,0.9114935747349392,1.0,0.8970763399220014,2017-11-17,2017-11-22,2017-11-30,0.0884015030280216,-0.584423550127584,235
600410,2017-11-01,10.08521864,7300,0.2891233429867025,0.0,0.5630934829345091,2017-11-01,2017-11-17,2017-11-23,0.090574882437019,-0.4807257852369178,235
600345,2017-11-01,25.89211086,2800,0.3164116717240902,0.0,0.8501563939749195,2017-11-01,2017-12-05,2018-02-01,0.0930834041983182,-0.3402930127111312,235
300401,2017-11-01,18.37707348,4100,0.8723831187072565,1.0,0.8757888955351079,2017-11-17,2017-11-23,2017-12-27,0.093749911311041,-0.3976422817241737,235
603288,2017-11-01,21.18170418,3300,0.8923960493231682,1.0,0.8564142961913267,2017-11-23,2017-12-05,2018-08-06,0.2086026689704873,-0.030054097375275535,235
600395,2017-11-01,4.84186491,15000,0.2505241471320774,0.0,0.3409431193954886,2017-11-01,2017-11-01,2017-11-01,0.1606032268998388,-0.23950848310635742,235
600288,2017-11-01,10.52472405,6900,0.2684956130438368,0.0,0.4373382182452511,2017-11-01,2017-11-01,2017-11-01,0.0961915136303225,-0.4341954856289082,235
600331,2017-11-01,5.54,13300,0.1999285200104157,0.0,0.2796994516041763,2017-11-01,2017-11-01,2017-11-01,0.1052647713363645,-0.6299638989169676,235
600801,2017-11-01,6.48667998,11200,0.2556759161019782,0.0,0.4864945307957438,2017-11-01,2017-11-01,2018-01-15,0.175726573125966,-0.04134762633996936,235
601360,2017-11-01,8.2867725,8800,0.3616604267181047,0.0,0.5388681067206157,2017-12-21,2018-03-05,2017-11-01,0.0810579191222861,1.374288964732651,235
600171,2017-11-01,12.23727085,6200,0.2917098456091782,0.0,0.5560486540513052,2017-11-01,2017-11-02,2018-01-18,0.0947619663427662,-0.4116723991607981,235
603986,2017-11-01,57.83191232,1200,0.8299529035474709,1.0,0.9060392615751404,2018-03-02,2018-03-02,2018-05-03,0.074809499206914,-0.4064311100408031,235
300603,2018-02-01,12.00478276,6200,0.1186122232606967,0.0,0.2134332327453818,2018-02-01,2018-02-01,2018-02-01,0.0502829302251508,-0.3228130818753774,170
603660,2018-02-01,16.77311948,4800,0.2541402380341261,0.0,0.3520523290231285,2018-02-06,2018-02-01,2018-02-01,0.1179426141707036,-0.39927325194251817,170
603165,2018-02-01,18.16032372,4400,0.1929826935942286,0.0,0.1811658069382191,2018-02-01,2018-02-01,2018-02-01,0.0687456577425027,-0.5890927587495671,170
603337,2018-02-01,19.6437421,4000,0.261099578167929,0.0,0.4609187051787681,2018-02-01,2018-02-01,2018-02-06,0.124320255452562,-0.06572230960006353,170
300559,2018-05-03,9.692725,4400,0.7949900411508433,1.0,0.7059435355614315,2018-05-17,2018-06-01,2018-06-21,0.1723473937704139,-0.16987829944623412,114
600683,2018-05-03,4.84892808,8600,0.2459109382782963,0.0,0.3306852466229921,2018-05-03,2018-05-30,2018-05-03,0.1517354460150759,-0.36956521739130443,114
300470,2018-05-03,22.47442878,1900,0.8795150394636255,1.0,0.8461500072828136,2018-05-25,2018-06-15,2018-08-06,0.1330087440818794,-0.1779033042013538,114
300188,2018-05-03,17.71834099,2400,0.2846690448585932,0.0,0.6807085789451897,2018-05-03,2018-06-01,2018-06-14,0.0917290851865311,-0.30253627543489336,114
300601,2018-05-03,29.37166232,1300,0.8521031399267517,1.0,0.877864512687787,2018-06-01,2018-07-23,2018-07-25,0.0713702613259337,-0.32299610034465354,114
300571,2018-05-03,54.063432,800,0.8222154664831068,1.0,0.6462330882729721,2018-06-04,2018-06-19,2018-08-02,0.0901547499473298,-0.29549246984542155,114
300226,2018-05-03,28.09487626,1500,0.2513447003007485,0.0,0.5981013746673273,2018-05-03,2018-05-10,2018-06-11,0.118309885249498,-0.43503396444572917,114
300513,2018-05-03,17.45663821,2400,0.2423246120311004,0.0,0.427407201143251,2018-05-03,2018-05-03,2018-05-03,0.0948928659476685,-0.3453304374806081,114
300059,2018-05-03,5.95496505,7500,0.8184914665625662,1.0,0.7437826414199167,2018-05-17,2018-05-30,2018-06-19,0.1197019737198392,-0.3293729372937294,114
600771,2018-05-03,37.97439354,1100,0.8358669888871595,1.0,0.7526847220472186,2018-06-13,2018-06-19,2018-07-04,0.0794572677055255,-0.4646959141404632,114
300272,2018-05-03,6.75450538,6900,0.3607840490684096,0.0,0.8803464935157743,2018-05-25,2018-06-19,2018-08-06,0.1145429152719561,-0.4098155133899679,114
300168,2018-05-03,19.79756016,2200,0.8333355620129165,1.0,0.7667153510089841,2018-06-15,2018-06-20,2018-08-06,0.1069750385465342,-0.3237607663872859,114
300413,2018-05-03,19.61140538,2100,0.3015189945563522,0.0,0.5348001518098952,2018-05-03,2018-05-03,2018-06-25,0.119259708049858,-0.20688797163602357,114
300176,2018-05-03,38.15121985,1100,0.2794112029484129,0.0,0.4752842134854456,2018-05-17,2018-05-22,2018-07-17,0.21047584090115,-0.17464314578135298,114
300251,2018-05-03,10.490691,4000,0.2093457262838244,0.0,0.3591383692800385,2018-05-03,2018-05-03,2018-05-04,0.1014740046701896,-0.43637774861541534,114
603399,2018-05-03,17.9312617,2300,0.8476650796177787,1.0,0.7805449430357967,2018-05-29,2018-06-19,2018-06-20,0.0554471570109087,-0.4616260299184636,114
300409,2018-05-03,26.25703047,1600,0.3707437038652106,0.0,0.5691456795507019,2018-05-25,2018-05-25,2018-05-29,0.0883393149629303,-0.6041603481446545,114
600378,2018-05-03,10.3986555,4000,0.1787623635623161,0.0,0.165337908882625,2018-05-03,2018-05-03,2018-05-03,0.0756763755992223,-0.2692186831268716,114
300182,2018-05-03,9.73322694,4400,0.2340960095906973,0.0,0.4061343634251036,2018-05-03,2018-05-03,2018-05-11,0.0950451146637915,-0.5417642691890219,114
603939,2018-05-03,17.71658356,2300,0.8932074289308326,1.0,0.7906400838758261,2018-05-10,2018-07-06,2018-08-02,0.154994033615184,-0.1707965212227408,114
300047,2018-05-03,9.6750067,4700,0.2673167407584385,0.0,0.7079835612693836,2018-05-03,2018-05-30,2018-06-21,0.1088080697620629,-0.32365666992251285,114
300316,2018-05-03,18.5179758,2400,0.7846721476634833,1.0,0.7266083367756446,2018-05-17,2018-05-25,2018-05-31,0.0691252536823257,-0.5513411336243348,114
300523,2018-05-03,41.2795042,1000,0.3204521262217283,0.0,0.7640284480267437,2018-05-03,2018-06-04,2018-06-21,0.1627895494596657,-0.15184301535288314,114
600727,2018-05-03,8.80384756,4600,0.3054181994040128,0.0,0.5927134334084513,2018-05-03,2018-05-30,2018-05-30,0.1175351757325079,-0.44572025052192066,114
300121,2018-05-03,11.28831815,3800,0.8234234453855517,1.0,0.6680840462538977,2018-05-28,2018-06-04,2018-06-19,0.1265290477841769,-0.3148545339324973,114
300423,2018-05-03,11.8110399,3600,0.8686609199671796,1.0,0.8499615275652901,2018-05-17,2018-06-21,2018-09-05,0.1964921408813957,-0.15732348681677055,114
600673,2018-05-03,8.88051978,4900,0.2557152943582105,0.0,0.5565507581834082,2018-05-03,2018-05-23,2018-07-05,0.1691870977692019,-0.21525600835945657,114
601106,2018-05-03,3.78,11100,0.3617102276986904,0.0,0.6907776614928149,2018-05-11,2018-05-17,2018-05-14,0.1620821614274856,-0.3227513227513227,114
300080,2018-05-03,5.83,7200,0.3324362164510187,0.0,0.4414540548367291,2018-06-26,2018-05-22,2018-05-03,0.1452527188327188,-0.3190394511149228,114
300428,2018-05-03,13.72179225,3100,0.2132055858332756,0.0,0.3977925441541902,2018-05-03,2018-05-30,2018-05-03,0.0665721593880339,-0.451656524678837,114
300572,2018-05-03,30.13509266,1400,0.3074069780985236,0.0,0.6618784187332231,2018-05-03,2018-06-11,2018-08-06,0.1513599952623422,-0.19855253566026365,114
300618,2018-05-03,104.13159455,300,0.1484742826472631,0.0,0.2944310553583456,2018-05-03,2018-05-03,2018-05-03,0.0671482833954632,-0.46188753699440976,114
300554,2018-05-03,50.95389897,800,0.7529219212357255,1.0,0.7296549115888972,2018-05-21,2018-05-30,2018-06-04,0.0576108534685808,-0.6568547225346905,114
300003,2018-05-03,32.5455152,1200,0.8763039427303969,1.0,0.8890695670575086,2018-05-30,2018-06-14,2018-08-01,0.1206336130288231,-0.28319194652048396,114
600566,2018-05-03,34.52479768,1100,0.8495864022741542,1.0,0.8099280942486992,2018-05-29,2018-06-11,2018-07-05,0.1420443114554054,-0.31574108561148273,114
600641,2018-05-03,9.80774592,4300,0.3139659112564287,0.0,0.5868825557201975,2018-08-09,2018-08-09,2018-08-09,0.1277680491890552,-0.335796103086651,114
600436,2018-05-03,87.92096316,400,0.8747427246944882,1.0,0.8254064368570208,2018-06-01,2018-08-01,2018-08-06,0.1547322646859716,-0.14167089351981577,114
300347,2018-05-03,36.13057336,1000,0.8356360851066635,1.0,0.8183746311102505,2018-05-11,2018-07-05,2018-08-17,0.1110236348267489,-0.2883264557194395,114
300383,2018-05-03,15.623451,2800,0.2177745486831557,0.0,0.5071156291678025,2018-05-03,2018-05-28,2018-05-30,0.1188901621609321,-0.2604884157795867,114
300398,2018-05-03,18.89411103,2100,0.7854515774072508,1.0,0.6199536225174533,2018-05-04,2018-05-14,2018-05-28,0.118986805480316,-0.3976107400910093,114
600248,2018-05-03,4.28657152,9900,0.2565255392216056,0.0,0.3113563713932367,2018-05-03,2018-05-03,2018-05-03,0.141537435647081,-0.21935332598859802,114
300434,2018-05-03,11.06706146,3800,0.1389780401927099,0.0,0.2006096649665905,2018-05-03,2018-05-03,2018-05-03,0.1386649318106672,-0.07479750275101482,114
603638,2018-05-03,8.883732,4800,0.8444555265906574,1.0,0.8830813193700082,2018-05-30,2018-06-15,2018-10-12,0.1917214944208122,-0.19838567845135358,114
300584,2018-05-03,41.3272656,1000,0.8069156178507162,1.0,0.8858689867892502,2018-06-15,2018-06-19,2018-07-30,0.0809251048813374,-0.5074314909428703,114
603866,2018-05-03,13.51944258,3200,0.904366466061332,1.0,0.9564775281721868,2018-05-09,2018-06-19,2018-08-06,0.1601186692491487,-0.1736739400390278,114
300365,2018-05-03,13.73813901,3300,0.2663185742617076,0.0,0.6222514715143793,2018-05-03,2018-05-31,2018-06-13,0.1333816249968152,-0.1673819742489271,114
300276,2018-05-03,5.9171112,7400,0.8332682873626375,1.0,0.7584859647828192,2018-05-16,2018-05-23,2018-05-30,0.1446578538721941,-0.36103896103896105,114
600777,2018-05-03,3.25,13000,0.2921582338895656,0.0,0.3071941305256833,2018-05-10,2018-05-10,2018-05-03,0.0513328834462858,-0.43384615384615377,114
300427,2018-05-03,14.4750086,2800,0.232608593218837,0.0,0.4574944237498629,2018-05-03,2018-06-01,2018-06-04,0.1285214198730822,-0.35408688945442146,114
300107,2018-05-03,9.21553425,4600,0.8311789953174273,1.0,0.8440710757769503,2018-05-30,2018-07-05,2018-08-02,0.1662592513016092,-0.013934542102103209,114
300300,2018-05-03,12.70550459,3300,0.7914299555703633,1.0,0.5707636950263414,2018-05-16,2018-05-17,2018-05-30,0.1570559387503036,-0.23028742930075163,114
300094,2018-05-03,7.63678584,5500,0.3320685949062031,0.0,0.600036143013524,2018-05-03,2018-05-11,2018-06-19,0.1616389761007294,-0.33002130645056815,114
603369,2018-08-01,17.4453462,12000,0.2341213490044124,0.0,0.4601350280911332,2018-08-01,2018-08-01,2018-08-06,0.1747869811122943,-0.17277227722772281,51
600779,2018-08-01,47.940162,4400,0.3565042116795269,0.0,0.6685992465458038,2018-08-01,2018-08-06,2018-08-16,0.0970627618214126,-0.4352264404112778,51
300357,2018-08-01,20.854657,10200,0.2587935375797068,0.0,0.5518524514924699,2018-08-01,2018-08-01,2018-08-08,0.1737494949692335,-0.11367088607594944,51
