code,name,industry,source,update_date
300001,特锐德,电气设备,tushare,2026-08-04
300002,神州泰岳,互联网,tushare,2026-08-04
300003,乐普医疗,医疗保健,tushare,2026-08-04
300004,南风股份,电气设备,tushare,2026-08-04
300005,探路者,服饰,tushare,2026-08-04
300008,天海防务,船舶,tushare,2026-08-04
300009,安科生物,生物制药,tushare,2026-08-04
300011,鼎汉技术,运输设备,tushare,2026-08-04
300012,华测检测,电器仪表,tushare,2026-08-04
300013,新宁物流,仓储物流,tushare,2026-08-04
300015,爱尔眼科,医疗保健,tushare,2026-08-04
300017,网宿科技,软件服务,tushare,2026-08-04
300022,吉峰科技,农用机械,tushare,2026-08-04
300024,机器人,专用机械,tushare,2026-08-04
300025,华星创业,通信设备,tushare,2026-08-04
300026,红日药业,中成药,tushare,2026-08-04
300030,阳普医疗,医疗保健,tushare,2026-08-04
300032,金龙机电,元器件,tushare,2026-08-04
300033,同花顺,软件服务,tushare,2026-08-04
300034,钢研高纳,航空,tushare,2026-08-04
300035,中科电气,电气设备,tushare,2026-08-04
300036,超图软件,软件服务,tushare,2026-08-04
300037,新宙邦,化工原料,tushare,2026-08-04
300039,上海凯宝,中成药,tushare,2026-08-04
300040,九洲集团,新型电力,tushare,2026-08-04
300043,星辉娱乐,互联网,tushare,2026-08-04
300045,华力创通,IT设备,tushare,2026-08-04
300047,天源迪科,软件服务,tushare,2026-08-04
300048,合康新能,建筑工程,tushare,2026-08-04
300049,福瑞医科,医疗保健,tushare,2026-08-04
300050,世纪鼎利,通信设备,tushare,2026-08-04
300052,中青宝,互联网,tushare,2026-08-04
300054,鼎龙股份,化工原料,tushare,2026-08-04
300055,万邦达,石油加工,tushare,2026-08-04
300056,中创环保,环境保护,tushare,2026-08-04
300057,万顺新材,铝,tushare,2026-08-04
300058,蓝色光标,广告包装,tushare,2026-08-04
300059,东方财富,证券,tushare,2026-08-04
300061,旗天科技,互联网,tushare,2026-08-04
300063,天龙集团,互联网,tushare,2026-08-04
300065,海兰信,船舶,tushare,2026-08-04
300067,安诺其,染料涂料,tushare,2026-08-04
300069,金利华电,电气设备,tushare,2026-08-04
300070,碧水源,环境保护,tushare,2026-08-04
300071,福石控股,广告包装,tushare,2026-08-04
300072,海新能科,化工原料,tushare,2026-08-04
300073,当升科技,电气设备,tushare,2026-08-04
300074,华平股份,软件服务,tushare,2026-08-04
300075,数字政通,软件服务,tushare,2026-08-04
300077,国民技术,半导体,tushare,2026-08-04
300079,数码视讯,IT设备,tushare,2026-08-04
300080,易成新能,电气设备,tushare,2026-08-04
300083,创世纪,机床制造,tushare,2026-08-04
300084,海默科技,专用机械,tushare,2026-08-04
300085,银之杰,软件服务,tushare,2026-08-04
300092,科新机电,专用机械,tushare,2026-08-04
300094,国联水产,渔业,tushare,2026-08-04
300097,智云股份,专用机械,tushare,2026-08-04
300098,高新兴,软件服务,tushare,2026-08-04
300099,尤洛卡,电器仪表,tushare,2026-08-04
300101,振芯科技,通信设备,tushare,2026-08-04
300103,达刚控股,专用机械,tushare,2026-08-04
300106,西部牧业,乳制品,tushare,2026-08-04
300107,建新股份,化工原料,tushare,2026-08-04
300113,顺网科技,互联网,tushare,2026-08-04
300120,经纬辉开,元器件,tushare,2026-08-04
300121,阳谷华泰,化工原料,tushare,2026-08-04
300122,智飞生物,生物制药,tushare,2026-08-04
300124,汇川技术,电器仪表,tushare,2026-08-04
300126,锐奇股份,轻工机械,tushare,2026-08-04
300127,银河磁体,矿物制品,tushare,2026-08-04
300130,新国都,IT设备,tushare,2026-08-04
300131,英唐智控,元器件,tushare,2026-08-04
300132,青松股份,化工原料,tushare,2026-08-04
300133,华策影视,影视音像,tushare,2026-08-04
300134,大富科技,通信设备,tushare,2026-08-04
300136,信维通信,元器件,tushare,2026-08-04
300137,先河环保,环境保护,tushare,2026-08-04
300138,晨光生物,食品,tushare,2026-08-04
300141,和顺电气,电气设备,tushare,2026-08-04
300142,沃森生物,生物制药,tushare,2026-08-04
300143,盈康生命,医疗保健,tushare,2026-08-04
300144,宋城演艺,旅游景点,tushare,2026-08-04
300146,汤臣倍健,食品,tushare,2026-08-04
300148,天舟文化,出版业,tushare,2026-08-04
300149,睿智医药,生物制药,tushare,2026-08-04
300150,世纪瑞尔,软件服务,tushare,2026-08-04
300153,科泰电源,电气设备,tushare,2026-08-04
300155,安居宝,IT设备,tushare,2026-08-04
300159,新研股份,农用机械,tushare,2026-08-04
300161,华中数控,机床制造,tushare,2026-08-04
300162,雷曼光电,元器件,tushare,2026-08-04
300163,先锋新材,家居用品,tushare,2026-08-04
300164,通源石油,石油开采,tushare,2026-08-04
300168,万达信息,软件服务,tushare,2026-08-04
300169,天晟新材,塑料,tushare,2026-08-04
300170,汉得信息,软件服务,tushare,2026-08-04
300174,元力股份,化工原料,tushare,2026-08-04
300175,朗源股份,食品,tushare,2026-08-04
300176,鸿特科技,汽车配件,tushare,2026-08-04
300180,华峰超纤,化纤,tushare,2026-08-04
300181,佐力药业,中成药,tushare,2026-08-04
300182,捷成股份,影视音像,tushare,2026-08-04
300184,力源信息,元器件,tushare,2026-08-04
300188,国投智能,软件服务,tushare,2026-08-04
300189,神农种业,种植业,tushare,2026-08-04
300191,潜能恒信,石油开采,tushare,2026-08-04
300194,福安药业,化学制药,tushare,2026-08-04
300195,长荣股份,轻工机械,tushare,2026-08-04
300199,翰宇药业,化学制药,tushare,2026-08-04
300201,海伦哲,工程机械,tushare,2026-08-04
300204,舒泰神,生物制药,tushare,2026-08-04
300209,行云科技,互联网,tushare,2026-08-04
300213,佳讯飞鸿,通信设备,tushare,2026-08-04
300214,日科化学,化工原料,tushare,2026-08-04
300215,电科院,电气设备,tushare,2026-08-04
300221,银禧科技,塑料,tushare,2026-08-04
300222,科大智能,电气设备,tushare,2026-08-04
300223,北京君正,半导体,tushare,2026-08-04
300225,金力泰,染料涂料,tushare,2026-08-04
300226,上海钢联,互联网,tushare,2026-08-04
300227,光韵达,专用机械,tushare,2026-08-04
300228,富瑞特装,化工机械,tushare,2026-08-04
300229,拓尔思,软件服务,tushare,2026-08-04
300234,开尔新材,陶瓷,tushare,2026-08-04
300238,冠昊生物,医疗保健,tushare,2026-08-04
300239,东宝生物,生物制药,tushare,2026-08-04
300241,瑞丰光电,半导体,tushare,2026-08-04
300242,佳云科技,互联网,tushare,2026-08-04
300243,瑞丰高材,化工原料,tushare,2026-08-04
300244,迪安诊断,医疗保健,tushare,2026-08-04
300246,宝莱特,医疗保健,tushare,2026-08-04
300249,依米康,IT设备,tushare,2026-08-04
300250,初灵信息,软件服务,tushare,2026-08-04
300251,光线传媒,影视音像,tushare,2026-08-04
300252,金信诺,通信设备,tushare,2026-08-04
300253,卫宁健康,软件服务,tushare,2026-08-04
300254,仟源医药,化学制药,tushare,2026-08-04
300256,星星科技,摩托车,tushare,2026-08-04
300257,开山股份,机械基件,tushare,2026-08-04
300260,新莱应材,机械基件,tushare,2026-08-04
300265,通光线缆,电气设备,tushare,2026-08-04
300266,兴源环境,环境保护,tushare,2026-08-04
300267,尔康制药,化学制药,tushare,2026-08-04
300269,联建光电,元器件,tushare,2026-08-04
300270,中威电子,IT设备,tushare,2026-08-04
300271,华宇软件,软件服务,tushare,2026-08-04
300272,开能健康,家用电器,tushare,2026-08-04
300274,阳光电源,电气设备,tushare,2026-08-04
300276,三丰智能,专用机械,tushare,2026-08-04
300277,汽轮科技,机械基件,tushare,2026-08-04
300278,华昌达,专用机械,tushare,2026-08-04
300279,和晶科技,元器件,tushare,2026-08-04
300283,温州宏丰,电气设备,tushare,2026-08-04
300284,苏交科,建筑工程,tushare,2026-08-04
300288,朗玛信息,软件服务,tushare,2026-08-04
300289,利德曼,医疗保健,tushare,2026-08-04
300291,百纳千成,影视音像,tushare,2026-08-04
300292,吴通控股,互联网,tushare,2026-08-04
300299,富春股份,互联网,tushare,2026-08-04
300300,海峡创新,软件服务,tushare,2026-08-04
300302,同有科技,IT设备,tushare,2026-08-04
300308,中际旭创,通信设备,tushare,2026-08-04
300310,宜通世纪,通信设备,tushare,2026-08-04
300313,天山生物,农业综合,tushare,2026-08-04
300315,掌趣科技,互联网,tushare,2026-08-04
300316,晶盛机电,专用机械,tushare,2026-08-04
300317,珈伟新能,电气设备,tushare,2026-08-04
300318,博晖创新,医疗保健,tushare,2026-08-04
300320,海达股份,橡胶,tushare,2026-08-04
300322,硕贝德,元器件,tushare,2026-08-04
300323,华灿光电,半导体,tushare,2026-08-04
300324,旋极信息,软件服务,tushare,2026-08-04
300328,宜安科技,小金属,tushare,2026-08-04
300331,苏大维格,元器件,tushare,2026-08-04
300332,天壕能源,供气供热,tushare,2026-08-04
300337,银邦股份,铝,tushare,2026-08-04
300340,科恒股份,电气设备,tushare,2026-08-04
300343,联创股份,化工原料,tushare,2026-08-04
300345,华民股份,电气设备,tushare,2026-08-04
300347,泰格医药,医疗保健,tushare,2026-08-04
300348,长亮科技,软件服务,tushare,2026-08-04
300353,东土科技,通信设备,tushare,2026-08-04
300354,东华测试,电器仪表,tushare,2026-08-04
300355,蒙草生态,环境保护,tushare,2026-08-04
300357,我武生物,生物制药,tushare,2026-08-04
300359,全通教育,文教休闲,tushare,2026-08-04
300363,博腾股份,化学制药,tushare,2026-08-04
300365,恒华科技,软件服务,tushare,2026-08-04
300368,汇金股份,IT设备,tushare,2026-08-04
300370,安控科技,电器仪表,tushare,2026-08-04
300374,中铁装配,其他建材,tushare,2026-08-04
300376,易事特,电气设备,tushare,2026-08-04
300377,赢时胜,软件服务,tushare,2026-08-04
300380,安硕信息,软件服务,tushare,2026-08-04
300382,斯莱克,专用机械,tushare,2026-08-04
300383,光环新网,软件服务,tushare,2026-08-04
300390,天华新能,电气设备,tushare,2026-08-04
300394,天孚通信,通信设备,tushare,2026-08-04
300397,天和防务,通信设备,tushare,2026-08-04
300398,飞凯材料,化工原料,tushare,2026-08-04
300399,天利科技,互联网,tushare,2026-08-04
300400,劲拓股份,专用机械,tushare,2026-08-04
300401,花园生物,化学制药,tushare,2026-08-04
300402,宝色股份,专用机械,tushare,2026-08-04
300405,科隆股份,化工原料,tushare,2026-08-04
300409,道氏技术,电气设备,tushare,2026-08-04
300410,正业科技,专用机械,tushare,2026-08-04
300411,金盾股份,专用机械,tushare,2026-08-04
300413,芒果超媒,影视音像,tushare,2026-08-04
300416,苏试试验,电器仪表,tushare,2026-08-04
300417,南华仪器,电器仪表,tushare,2026-08-04
300420,五洋自控,机械基件,tushare,2026-08-04
300423,昇辉科技,电气设备,tushare,2026-08-04
300427,红相股份,电气设备,tushare,2026-08-04
300428,立中集团,汽车配件,tushare,2026-08-04
300433,蓝思科技,元器件,tushare,2026-08-04
300434,金石亚药,化学制药,tushare,2026-08-04
300436,广生堂,化学制药,tushare,2026-08-04
300437,清水源,化工原料,tushare,2026-08-04
300438,鹏辉能源,电气设备,tushare,2026-08-04
300440,运达科技,软件服务,tushare,2026-08-04
300442,润泽科技,软件服务,tushare,2026-08-04
300444,双杰电气,电气设备,tushare,2026-08-04
300446,航天智造,汽车配件,tushare,2026-08-04
300448,浩云科技,软件服务,tushare,2026-08-04
300456,赛微电子,半导体,tushare,2026-08-04
300458,全志科技,半导体,tushare,2026-08-04
300461,田中精机,专用机械,tushare,2026-08-04
300463,迈克生物,医疗保健,tushare,2026-08-04
300464,星徽股份,机械基件,tushare,2026-08-04
300465,高伟达,软件服务,tushare,2026-08-04
300467,迅游科技,互联网,tushare,2026-08-04
300468,四方精创,软件服务,tushare,2026-08-04
300469,信息发展,软件服务,tushare,2026-08-04
300470,中密控股,机械基件,tushare,2026-08-04
300471,厚普股份,专用机械,tushare,2026-08-04
300473,德尔股份,汽车配件,tushare,2026-08-04
300474,景嘉微,元器件,tushare,2026-08-04
300475,香农芯创,元器件,tushare,2026-08-04
300478,杭州高新,塑料,tushare,2026-08-04
300479,神思电子,软件服务,tushare,2026-08-04
300480,光力科技,专用机械,tushare,2026-08-04
300482,万孚生物,医疗保健,tushare,2026-08-04
300483,首华燃气,石油开采,tushare,2026-08-04
300484,蓝海华腾,电气设备,tushare,2026-08-04
300489,光智科技,专用机械,tushare,2026-08-04
300492,华图山鼎,文教休闲,tushare,2026-08-04
300493,润欣科技,元器件,tushare,2026-08-04
300496,中科创达,软件服务,tushare,2026-08-04
300497,富祥股份,化学制药,tushare,2026-08-04
300499,高澜股份,专用机械,tushare,2026-08-04
300502,新易盛,通信设备,tushare,2026-08-04
300508,维宏股份,软件服务,tushare,2026-08-04
300513,恒实科技,软件服务,tushare,2026-08-04
300521,爱司凯,专用机械,tushare,2026-08-04
300523,辰安科技,软件服务,tushare,2026-08-04
300525,博思软件,软件服务,tushare,2026-08-04
300529,健帆生物,医疗保健,tushare,2026-08-04
300534,陇神戎发,中成药,tushare,2026-08-04
300537,广信材料,染料涂料,tushare,2026-08-04
300538,同益股份,塑料,tushare,2026-08-04
300542,新晨科技,软件服务,tushare,2026-08-04
300546,雄帝科技,IT设备,tushare,2026-08-04
300552,万集科技,IT设备,tushare,2026-08-04
300554,三超新材,矿物制品,tushare,2026-08-04
300559,佳发教育,软件服务,tushare,2026-08-04
300560,中富通,通信设备,tushare,2026-08-04
300562,乐心医疗,医疗保健,tushare,2026-08-04
300565,科信技术,通信设备,tushare,2026-08-04
300569,天能重工,电气设备,tushare,2026-08-04
300571,平治信息,互联网,tushare,2026-08-04
300572,安车检测,电器仪表,tushare,2026-08-04
300578,会畅科技,通信设备,tushare,2026-08-04
300579,数字认证,软件服务,tushare,2026-08-04
300581,晨曦航空,航空,tushare,2026-08-04
300582,英飞特,元器件,tushare,2026-08-04
300584,海辰药业,化学制药,tushare,2026-08-04
300585,奥联电子,汽车配件,tushare,2026-08-04
300587,天铁科技,橡胶,tushare,2026-08-04
300589,江龙船艇,船舶,tushare,2026-08-04
300595,欧普康视,医疗保健,tushare,2026-08-04
300597,吉大通信,通信设备,tushare,2026-08-04
300601,康泰生物,生物制药,tushare,2026-08-04
300602,飞荣达,元器件,tushare,2026-08-04
300603,立昂技术,通信设备,tushare,2026-08-04
300604,长川科技,半导体,tushare,2026-08-04
300609,汇纳科技,软件服务,tushare,2026-08-04
300611,美力科技,汽车配件,tushare,2026-08-04
300612,宣亚国际,广告包装,tushare,2026-08-04
300613,富瀚微,半导体,tushare,2026-08-04
300615,欣天科技,通信设备,tushare,2026-08-04
300617,安靠智电,电气设备,tushare,2026-08-04
300618,寒锐钴业,小金属,tushare,2026-08-04
300619,金银河,专用机械,tushare,2026-08-04
300620,光库科技,通信设备,tushare,2026-08-04
300623,捷捷微电,半导体,tushare,2026-08-04
300624,万兴科技,软件服务,tushare,2026-08-04
300626,华瑞股份,电气设备,tushare,2026-08-04
300633,开立医疗,医疗保健,tushare,2026-08-04
300635,中达安,建筑工程,tushare,2026-08-04
300638,广和通,通信设备,tushare,2026-08-04
300643,万通智控,汽车配件,tushare,2026-08-04
300647,超频三,化工原料,tushare,2026-08-04
300651,金陵体育,文教休闲,tushare,2026-08-04
300653,正海生物,医疗保健,tushare,2026-08-04
300654,世纪天鸿,出版业,tushare,2026-08-04
300655,晶瑞电材,半导体,tushare,2026-08-04
300659,中孚信息,IT设备,tushare,2026-08-04
300661,圣邦股份,半导体,tushare,2026-08-04
300662,科锐国际,文教休闲,tushare,2026-08-04
300666,江丰电子,半导体,tushare,2026-08-04
300672,国科微,半导体,tushare,2026-08-04
300673,佩蒂股份,饲料,tushare,2026-08-04
300674,宇信科技,软件服务,tushare,2026-08-04
300675,建科院,建筑工程,tushare,2026-08-04
300676,华大基因,医疗保健,tushare,2026-08-04
300678,中科信息,软件服务,tushare,2026-08-04
300681,英搏尔,汽车配件,tushare,2026-08-04
300682,朗新科技,软件服务,tushare,2026-08-04
300684,中石科技,元器件,tushare,2026-08-04
300685,艾德生物,医疗保健,tushare,2026-08-04
300686,智动力,元器件,tushare,2026-08-04
300687,赛意信息,软件服务,tushare,2026-08-04
300696,爱乐达,航空,tushare,2026-08-04
300698,万马科技,通信设备,tushare,2026-08-04
300702,天宇股份,化学制药,tushare,2026-08-04
300705,九典制药,化学制药,tushare,2026-08-04
300706,阿石创,元器件,tushare,2026-08-04
300709,精研科技,元器件,tushare,2026-08-04
300710,万隆光电,通信设备,tushare,2026-08-04
300711,广哈通信,通信设备,tushare,2026-08-04
300713,英可瑞,电气设备,tushare,2026-08-04
300715,凯伦股份,其他建材,tushare,2026-08-04
300720,海川智能,电器仪表,tushare,2026-08-04
300722,新余国科,航空,tushare,2026-08-04
300724,捷佳伟创,专用机械,tushare,2026-08-04
300725,药石科技,化学制药,tushare,2026-08-04
300726,宏达电子,元器件,tushare,2026-08-04
300729,乐歌股份,家居用品,tushare,2026-08-04
300735,光弘科技,元器件,tushare,2026-08-04
300736,百邦科技,通信设备,tushare,2026-08-04
300740,水羊股份,日用化工,tushare,2026-08-04
300746,汉嘉数智,建筑工程,tushare,2026-08-04
300747,锐科激光,专用机械,tushare,2026-08-04
300752,隆利科技,元器件,tushare,2026-08-04
300755,华致酒行,其他商业,tushare,2026-08-04
300759,康龙化成,化学制药,tushare,2026-08-04
300760,迈瑞医疗,医疗保健,tushare,2026-08-04
300761,立华股份,农业综合,tushare,2026-08-04
300763,锦浪科技,电气设备,tushare,2026-08-04
300766,每日互动,互联网,tushare,2026-08-04
300769,德方纳米,化工原料,tushare,2026-08-04
300772,运达股份,电气设备,tushare,2026-08-04
300777,中简科技,化纤,tushare,2026-08-04
300779,惠城环保,环境保护,tushare,2026-08-04
300783,三只松鼠,食品,tushare,2026-08-04
300785,值得买,互联网,tushare,2026-08-04
300791,仙乐健康,医疗保健,tushare,2026-08-04
300795,米奥会展,文教休闲,tushare,2026-08-04
300803,指南针,软件服务,tushare,2026-08-04
300805,电声股份,广告包装,tushare,2026-08-04
300810,中科海讯,船舶,tushare,2026-08-04
300815,玉禾田,环境保护,tushare,2026-08-04
300820,英杰电气,电气设备,tushare,2026-08-04
300827,上能电气,电气设备,tushare,2026-08-04
300832,新产业,医疗保健,tushare,2026-08-04
300836,佰奥智能,专用机械,tushare,2026-08-04
300850,新强联,机械基件,tushare,2026-08-04
300857,协创数据,IT设备,tushare,2026-08-04
300859,西域旅游,旅游服务,tushare,2026-08-04
300860,锋尚文化,文教休闲,tushare,2026-08-04
300865,大宏立,专用机械,tushare,2026-08-04
300866,安克创新,元器件,tushare,2026-08-04
300870,欧陆通,电气设备,tushare,2026-08-04
300875,捷强装备,专用机械,tushare,2026-08-04
300877,金春股份,纺织,tushare,2026-08-04
300879,大叶股份,农用机械,tushare,2026-08-04
300887,谱尼测试,电器仪表,tushare,2026-08-04
300893,松原安全,汽车配件,tushare,2026-08-04
300900,广联航空,航空,tushare,2026-08-04
300910,瑞丰新材,化工原料,tushare,2026-08-04
300926,博俊科技,汽车配件,tushare,2026-08-04
300940,南极光,元器件,tushare,2026-08-04
300956,英力股份,元器件,tushare,2026-08-04
300961,深水海纳,环境保护,tushare,2026-08-04
300965,恒宇信通,航空,tushare,2026-08-04
300972,万辰集团,食品,tushare,2026-08-04
300979,华利集团,服饰,tushare,2026-08-04
300980,祥源新材,塑料,tushare,2026-08-04
300985,致远新能,汽车配件,tushare,2026-08-04
300989,蕾奥规划,建筑工程,tushare,2026-08-04
300991,创益通,元器件,tushare,2026-08-04
300995,奇德新材,塑料,tushare,2026-08-04
300996,普联软件,软件服务,tushare,2026-08-04
301001,凯淳股份,互联网,tushare,2026-08-04
301004,嘉益股份,家居用品,tushare,2026-08-04
301011,华立科技,文教休闲,tushare,2026-08-04
301021,英诺激光,专用机械,tushare,2026-08-04
301025,读客文化,出版业,tushare,2026-08-04
301035,润丰股份,农药化肥,tushare,2026-08-04
301036,双乐股份,染料涂料,tushare,2026-08-04
301061,匠心家居,家居用品,tushare,2026-08-04
301073,君亭酒店,酒店餐饮,tushare,2026-08-04
301079,邵阳液压,机械基件,tushare,2026-08-04
301095,广立微,半导体,tushare,2026-08-04
301096,百诚医药,医疗保健,tushare,2026-08-04
301116,益客食品,食品,tushare,2026-08-04
301128,强瑞技术,专用机械,tushare,2026-08-04
301150,中一科技,电气设备,tushare,2026-08-04
301153,中科江南,软件服务,tushare,2026-08-04
301155,海力风电,电气设备,tushare,2026-08-04
301160,翔楼新材,机械基件,tushare,2026-08-04
301178,天亿马,软件服务,tushare,2026-08-04
301180,万祥科技,元器件,tushare,2026-08-04
301189,奥尼电子,IT设备,tushare,2026-08-04
301200,大族数控,专用机械,tushare,2026-08-04
301201,诚达药业,生物制药,tushare,2026-08-04
301213,观想科技,软件服务,tushare,2026-08-04
301221,光庭信息,软件服务,tushare,2026-08-04
301232,飞沃科技,机械基件,tushare,2026-08-04
301235,华康洁净,医疗保健,tushare,2026-08-04
301265,华新科技,环境保护,tushare,2026-08-04
301269,华大九天,半导体,tushare,2026-08-04
301270,汉仪股份,软件服务,tushare,2026-08-04
301291,明阳电气,电气设备,tushare,2026-08-04
301326,捷邦科技,元器件,tushare,2026-08-04
301327,华宝新能,电气设备,tushare,2026-08-04
301345,涛涛车业,摩托车,tushare,2026-08-04
301349,信德新材,化工原料,tushare,2026-08-04
301369,联动科技,半导体,tushare,2026-08-04
301377,鼎泰高科,机械基件,tushare,2026-08-04
301396,宏景科技,软件服务,tushare,2026-08-04
301511,德福科技,电气设备,tushare,2026-08-04
301528,多浦乐,电器仪表,tushare,2026-08-04
301571,国科天成,元器件,tushare,2026-08-04
302132,中航成飞,航空,tushare,2026-08-04
600000,浦发银行,银行,tushare,2026-08-04
600004,白云机场,机场,tushare,2026-08-04
600006,东风股份,汽车整车,tushare,2026-08-04
600009,上海机场,机场,tushare,2026-08-04
600010,包钢股份,普钢,tushare,2026-08-04
600011,华能国际,火力发电,tushare,2026-08-04
600012,皖通高速,路桥,tushare,2026-08-04
600015,华夏银行,银行,tushare,2026-08-04
600016,民生银行,银行,tushare,2026-08-04
600019,宝钢股份,普钢,tushare,2026-08-04
600022,山东钢铁,普钢,tushare,2026-08-04
600025,华能水电,水力发电,tushare,2026-08-04
600026,中远海能,水运,tushare,2026-08-04
600027,华电国际,火力发电,tushare,2026-08-04
600028,中国石化,石油加工,tushare,2026-08-04
600029,南方航空,空运,tushare,2026-08-04
600030,中信证券,证券,tushare,2026-08-04
600031,三一重工,工程机械,tushare,2026-08-04
600032,浙江新能,新型电力,tushare,2026-08-04
600033,福建高速,路桥,tushare,2026-08-04
600036,招商银行,银行,tushare,2026-08-04
600037,歌华有线,影视音像,tushare,2026-08-04
600038,中直股份,航空,tushare,2026-08-04
600039,四川路桥,建筑工程,tushare,2026-08-04
600048,保利发展,全国地产,tushare,2026-08-04
600050,中国联通,电信运营,tushare,2026-08-04
600052,东望时代,供气供热,tushare,2026-08-04
600055,万东医疗,医疗保健,tushare,2026-08-04
600056,中国医药,医药商业,tushare,2026-08-04
600058,五矿发展,商贸代理,tushare,2026-08-04
600059,古越龙山,红黄酒,tushare,2026-08-04
600061,国投资本,证券,tushare,2026-08-04
600062,华润双鹤,化学制药,tushare,2026-08-04
600066,宇通客车,汽车整车,tushare,2026-08-04
600067,冠城新材,电气设备,tushare,2026-08-04
600071,凤凰光学,元器件,tushare,2026-08-04
600072,中船科技,电气设备,tushare,2026-08-04
600073,光明肉业,食品,tushare,2026-08-04
600075,新疆天业,化工原料,tushare,2026-08-04
600078,澄星股份,化工原料,tushare,2026-08-04
600081,东风科技,汽车配件,tushare,2026-08-04
600085,同仁堂,中成药,tushare,2026-08-04
600088,中视传媒,影视音像,tushare,2026-08-04
600089,特变电工,电气设备,tushare,2026-08-04
600094,大名城,区域地产,tushare,2026-08-04
600095,湘财股份,证券,tushare,2026-08-04
600096,云天化,农药化肥,tushare,2026-08-04
600103,青山纸业,造纸,tushare,2026-08-04
600104,上汽集团,汽车整车,tushare,2026-08-04
600105,永鼎股份,通信设备,tushare,2026-08-04
600108,亚盛集团,种植业,tushare,2026-08-04
600109,国金证券,证券,tushare,2026-08-04
600110,诺德股份,电气设备,tushare,2026-08-04
600111,北方稀土,小金属,tushare,2026-08-04
600113,浙江东日,区域地产,tushare,2026-08-04
600115,中国东航,空运,tushare,2026-08-04
600117,西宁特钢,特种钢,tushare,2026-08-04
600118,中国卫星,航空,tushare,2026-08-04
600120,浙江东方,多元金融,tushare,2026-08-04
600121,郑州煤电,煤炭开采,tushare,2026-08-04
600125,铁龙物流,铁路,tushare,2026-08-04
600126,杭钢股份,普钢,tushare,2026-08-04
600127,金健米业,农业综合,tushare,2026-08-04
600128,苏豪弘业,商贸代理,tushare,2026-08-04
600129,太极集团,中成药,tushare,2026-08-04
600130,波导股份,元器件,tushare,2026-08-04
600131,国网信通,通信设备,tushare,2026-08-04
600132,重庆啤酒,啤酒,tushare,2026-08-04
600133,东湖高新,环境保护,tushare,2026-08-04
600135,乐凯胶片,塑料,tushare,2026-08-04
600138,中青旅,旅游景点,tushare,2026-08-04
600141,兴发集团,农药化肥,tushare,2026-08-04
600143,金发科技,塑料,tushare,2026-08-04
600149,廊坊发展,综合类,tushare,2026-08-04
600150,中国船舶,船舶,tushare,2026-08-04
600151,航天机电,汽车配件,tushare,2026-08-04
600152,维科技术,电气设备,tushare,2026-08-04
600155,华创云信,证券,tushare,2026-08-04
600157,永泰能源,火力发电,tushare,2026-08-04
600158,中体产业,文教休闲,tushare,2026-08-04
600159,大龙地产,区域地产,tushare,2026-08-04
600160,巨化股份,化工原料,tushare,2026-08-04
600161,天坛生物,生物制药,tushare,2026-08-04
600162,香江控股,全国地产,tushare,2026-08-04
600163,中闽能源,新型电力,tushare,2026-08-04
600166,福田汽车,汽车整车,tushare,2026-08-04
600170,上海建工,建筑工程,tushare,2026-08-04
600171,上海贝岭,半导体,tushare,2026-08-04
600176,中国巨石,玻璃,tushare,2026-08-04
600177,雅戈尔,服饰,tushare,2026-08-04
600178,东安动力,汽车配件,tushare,2026-08-04
600179,安通控股,水运,tushare,2026-08-04
600184,光电股份,专用机械,tushare,2026-08-04
600186,莲花控股,食品,tushare,2026-08-04
600189,泉阳泉,软饮料,tushare,2026-08-04
600191,华资实业,食品,tushare,2026-08-04
600192,长城电工,电气设备,tushare,2026-08-04
600195,中牧股份,农业综合,tushare,2026-08-04
600198,大唐电信,通信设备,tushare,2026-08-04
600199,金种子酒,白酒,tushare,2026-08-04
600202,哈空调,专用机械,tushare,2026-08-04
600203,福日电子,元器件,tushare,2026-08-04
600206,有研新材,半导体,tushare,2026-08-04
600207,安彩高科,电气设备,tushare,2026-08-04
600208,衢州发展,全国地产,tushare,2026-08-04
600211,西藏药业,生物制药,tushare,2026-08-04
600212,绿能慧充,电气设备,tushare,2026-08-04
600215,派斯林,专用机械,tushare,2026-08-04
600216,浙江医药,化学制药,tushare,2026-08-04
600217,中再资环,环境保护,tushare,2026-08-04
600219,南山铝业,铝,tushare,2026-08-04
600221,海航控股,空运,tushare,2026-08-04
600222,太龙药业,中成药,tushare,2026-08-04
600227,赤天化,农药化肥,tushare,2026-08-04
600228,返利科技,互联网,tushare,2026-08-04
600230,沧州大化,化工原料,tushare,2026-08-04
600231,凌钢股份,普钢,tushare,2026-08-04
600233,圆通速递,仓储物流,tushare,2026-08-04
600236,桂冠电力,水力发电,tushare,2026-08-04
600237,铜峰电子,元器件,tushare,2026-08-04
600246,万通发展,区域地产,tushare,2026-08-04
600248,陕建股份,建筑工程,tushare,2026-08-04
600249,两面针,日用化工,tushare,2026-08-04
600251,冠农股份,农业综合,tushare,2026-08-04
600255,鑫科材料,小金属,tushare,2026-08-04
600256,广汇能源,石油开采,tushare,2026-08-04
600257,大湖股份,渔业,tushare,2026-08-04
600258,首旅酒店,酒店餐饮,tushare,2026-08-04
600259,中稀有色,小金属,tushare,2026-08-04
600266,城建发展,区域地产,tushare,2026-08-04
600267,海正药业,化学制药,tushare,2026-08-04
600268,国电南自,电气设备,tushare,2026-08-04
600269,赣粤高速,路桥,tushare,2026-08-04
600272,开开实业,医药商业,tushare,2026-08-04
600273,嘉化能源,化工原料,tushare,2026-08-04
600276,恒瑞医药,化学制药,tushare,2026-08-04
600279,重庆港,港口,tushare,2026-08-04
600280,中央商场,百货,tushare,2026-08-04
600282,南钢股份,普钢,tushare,2026-08-04
600283,钱江水利,水务,tushare,2026-08-04
600284,浦东建设,建筑工程,tushare,2026-08-04
600285,羚锐制药,中成药,tushare,2026-08-04
600288,大恒科技,元器件,tushare,2026-08-04
600292,电投水电,水力发电,tushare,2026-08-04
600293,三峡新材,玻璃,tushare,2026-08-04
600295,鄂尔多斯,特种钢,tushare,2026-08-04
600299,安迪苏,饲料,tushare,2026-08-04
600301,华锡有色,小金属,tushare,2026-08-04
600303,曙光股份,汽车整车,tushare,2026-08-04
600305,恒顺醋业,食品,tushare,2026-08-04
600308,华泰股份,造纸,tushare,2026-08-04
600309,万华化学,化工原料,tushare,2026-08-04
600310,广西能源,水力发电,tushare,2026-08-04
600312,平高电气,电气设备,tushare,2026-08-04
600313,农发种业,种植业,tushare,2026-08-04
600315,上海家化,日用化工,tushare,2026-08-04
600316,洪都航空,航空,tushare,2026-08-04
600318,新力金融,多元金融,tushare,2026-08-04
600320,振华重工,专用机械,tushare,2026-08-04
600322,津投城开,区域地产,tushare,2026-08-04
600323,瀚蓝环境,环境保护,tushare,2026-08-04
600325,华发股份,区域地产,tushare,2026-08-04
600326,西藏天路,水泥,tushare,2026-08-04
600328,中盐化工,化工原料,tushare,2026-08-04
600329,达仁堂,中成药,tushare,2026-08-04
600330,天通股份,专用机械,tushare,2026-08-04
600331,宏达股份,农药化肥,tushare,2026-08-04
600332,白云山,中成药,tushare,2026-08-04
600333,长春燃气,供气供热,tushare,2026-08-04
600335,国机汽车,汽车服务,tushare,2026-08-04
600336,澳柯玛,家用电器,tushare,2026-08-04
600339,中油工程,石油开采,tushare,2026-08-04
600343,航天动力,机械基件,tushare,2026-08-04
600345,长江通信,通信设备,tushare,2026-08-04
600346,恒力石化,石油加工,tushare,2026-08-04
600350,山东高速,路桥,tushare,2026-08-04
600351,亚宝药业,中成药,tushare,2026-08-04
600352,浙江龙盛,染料涂料,tushare,2026-08-04
600353,旭光电子,元器件,tushare,2026-08-04
600354,敦煌种业,种植业,tushare,2026-08-04
600358,国旅联合,广告包装,tushare,2026-08-04
600359,新农开发,种植业,tushare,2026-08-04
600360,华微电子,半导体,tushare,2026-08-04
600361,创新新材,铝,tushare,2026-08-04
600362,江西铜业,铜,tushare,2026-08-04
600363,联创光电,元器件,tushare,2026-08-04
600366,宁波韵升,矿物制品,tushare,2026-08-04
600367,红星发展,化工原料,tushare,2026-08-04
600368,五洲交通,路桥,tushare,2026-08-04
600369,西南证券,证券,tushare,2026-08-04
600372,中航机载,航空,tushare,2026-08-04
600373,中文传媒,出版业,tushare,2026-08-04
600375,汉马科技,汽车整车,tushare,2026-08-04
600376,首开股份,区域地产,tushare,2026-08-04
600377,宁沪高速,路桥,tushare,2026-08-04
600378,昊华科技,化工原料,tushare,2026-08-04
600379,宝光股份,电气设备,tushare,2026-08-04
600380,健康元,化学制药,tushare,2026-08-04
600382,广东明珠,普钢,tushare,2026-08-04
600383,金地集团,全国地产,tushare,2026-08-04
600389,江山股份,农药化肥,tushare,2026-08-04
600390,五矿资本,多元金融,tushare,2026-08-04
600391,航发科技,航空,tushare,2026-08-04
600392,盛和资源,小金属,tushare,2026-08-04
600395,盘江股份,煤炭开采,tushare,2026-08-04
600396,华电辽能,火力发电,tushare,2026-08-04
600397,江钨装备,专用机械,tushare,2026-08-04
600398,海澜之家,服饰,tushare,2026-08-04
600399,抚顺特钢,特种钢,tushare,2026-08-04
600403,大有能源,煤炭开采,tushare,2026-08-04
600405,动力源,电气设备,tushare,2026-08-04
600406,国电南瑞,电气设备,tushare,2026-08-04
600408,安泰集团,焦炭加工,tushare,2026-08-04
600409,三友化工,化纤,tushare,2026-08-04
600410,华胜天成,软件服务,tushare,2026-08-04
600415,小商品城,商品城,tushare,2026-08-04
600416,湘电股份,电气设备,tushare,2026-08-04
600418,江淮汽车,汽车整车,tushare,2026-08-04
600422,昆药集团,中成药,tushare,2026-08-04
600425,青松建化,水泥,tushare,2026-08-04
600426,华鲁恒升,农药化肥,tushare,2026-08-04
600428,中远海特,水运,tushare,2026-08-04
600429,三元股份,乳制品,tushare,2026-08-04
600435,北方导航,专用机械,tushare,2026-08-04
600436,片仔癀,中成药,tushare,2026-08-04
600438,通威股份,电气设备,tushare,2026-08-04
600446,金证股份,软件服务,tushare,2026-08-04
600449,宁夏建材,水泥,tushare,2026-08-04
600452,涪陵电力,水力发电,tushare,2026-08-04
600456,宝钛股份,小金属,tushare,2026-08-04
600458,时代新材,塑料,tushare,2026-08-04
600459,贵研铂业,小金属,tushare,2026-08-04
600460,士兰微,半导体,tushare,2026-08-04
600467,好当家,渔业,tushare,2026-08-04
600468,百利电气,电气设备,tushare,2026-08-04
600469,风神股份,汽车配件,tushare,2026-08-04
600470,六国化工,农药化肥,tushare,2026-08-04
600475,华光环能,电气设备,tushare,2026-08-04
600478,科力远,电气设备,tushare,2026-08-04
600480,凌云股份,汽车配件,tushare,2026-08-04
600481,双良节能,电气设备,tushare,2026-08-04
600482,中国动力,船舶,tushare,2026-08-04
600483,福能股份,新型电力,tushare,2026-08-04
600486,扬农化工,农药化肥,tushare,2026-08-04
600489,中金黄金,黄金,tushare,2026-08-04
600490,鹏欣资源,铜,tushare,2026-08-04
600495,晋西车轴,运输设备,tushare,2026-08-04
600496,精工钢构,钢加工,tushare,2026-08-04
600497,驰宏锌锗,铅锌,tushare,2026-08-04
600498,烽火通信,通信设备,tushare,2026-08-04
600499,科达制造,专用机械,tushare,2026-08-04
600500,中化国际,塑料,tushare,2026-08-04
600501,航天晨光,专用机械,tushare,2026-08-04
600503,华丽家族,区域地产,tushare,2026-08-04
600505,西昌电力,水力发电,tushare,2026-08-04
600506,统一股份,石油加工,tushare,2026-08-04
600507,方大特钢,特种钢,tushare,2026-08-04
600508,上海能源,煤炭开采,tushare,2026-08-04
600509,天富能源,火力发电,tushare,2026-08-04
600510,黑牡丹,全国地产,tushare,2026-08-04
600511,国药股份,医药商业,tushare,2026-08-04
600512,腾达建设,建筑工程,tushare,2026-08-04
600513,联环药业,化学制药,tushare,2026-08-04
600515,海南机场,机场,tushare,2026-08-04
600516,方大炭素,矿物制品,tushare,2026-08-04
600517,国网英大,多元金融,tushare,2026-08-04
600518,康美药业,中成药,tushare,2026-08-04
600519,贵州茅台,白酒,tushare,2026-08-04
600520,三佳科技,半导体,tushare,2026-08-04
600521,华海药业,化学制药,tushare,2026-08-04
600522,中天科技,通信设备,tushare,2026-08-04
600523,贵航股份,汽车配件,tushare,2026-08-04
600526,菲达环保,环境保护,tushare,2026-08-04
600527,江南高纤,化纤,tushare,2026-08-04
600528,中铁工业,运输设备,tushare,2026-08-04
600531,豫光金铅,铅锌,tushare,2026-08-04
600533,栖霞建设,区域地产,tushare,2026-08-04
600535,天士力,中成药,tushare,2026-08-04
600536,中国软件,软件服务,tushare,2026-08-04
600538,国发股份,医药商业,tushare,2026-08-04
600540,新赛股份,种植业,tushare,2026-08-04
600545,卓郎智能,纺织机械,tushare,2026-08-04
600547,山东黄金,黄金,tushare,2026-08-04
600549,厦门钨业,小金属,tushare,2026-08-04
600550,保变电气,电气设备,tushare,2026-08-04
600551,时代出版,出版业,tushare,2026-08-04
600552,凯盛科技,元器件,tushare,2026-08-04
600556,天下秀,互联网,tushare,2026-08-04
600557,康缘药业,中成药,tushare,2026-08-04
600559,老白干酒,白酒,tushare,2026-08-04
600560,金自天正,电气设备,tushare,2026-08-04
600562,国睿科技,通信设备,tushare,2026-08-04
600563,法拉电子,元器件,tushare,2026-08-04
600566,济川药业,中成药,tushare,2026-08-04
600567,山鹰国际,造纸,tushare,2026-08-04
600569,安阳钢铁,普钢,tushare,2026-08-04
600570,恒生电子,软件服务,tushare,2026-08-04
600572,康恩贝,中成药,tushare,2026-08-04
600575,淮河能源,火力发电,tushare,2026-08-04
600576,祥源文旅,旅游景点,tushare,2026-08-04
600578,京能电力,火力发电,tushare,2026-08-04
600580,卧龙电驱,电气设备,tushare,2026-08-04
600582,天地科技,专用机械,tushare,2026-08-04
600583,海油工程,石油开采,tushare,2026-08-04
600584,长电科技,半导体,tushare,2026-08-04
600586,金晶科技,玻璃,tushare,2026-08-04
600587,新华医疗,医疗保健,tushare,2026-08-04
600588,用友网络,软件服务,tushare,2026-08-04
600589,大位科技,软件服务,tushare,2026-08-04
600590,泰豪科技,通信设备,tushare,2026-08-04
600592,龙溪股份,机械基件,tushare,2026-08-04
600593,大连圣亚,旅游景点,tushare,2026-08-04
600594,益佰制药,中成药,tushare,2026-08-04
600595,中孚实业,铝,tushare,2026-08-04
600596,新安股份,化工原料,tushare,2026-08-04
600597,光明乳业,乳制品,tushare,2026-08-04
600598,北大荒,种植业,tushare,2026-08-04
600600,青岛啤酒,啤酒,tushare,2026-08-04
600601,方正科技,元器件,tushare,2026-08-04
600602,云赛智联,软件服务,tushare,2026-08-04
600604,市北高新,园区开发,tushare,2026-08-04
600606,绿地控股,全国地产,tushare,2026-08-04
600609,金杯汽车,汽车配件,tushare,2026-08-04
600610,中毅达,化工原料,tushare,2026-08-04
600616,金枫酒业,红黄酒,tushare,2026-08-04
600618,氯碱化工,化工原料,tushare,2026-08-04
600619,海立股份,家用电器,tushare,2026-08-04
600621,华鑫股份,证券,tushare,2026-08-04
600622,光大嘉宝,区域地产,tushare,2026-08-04
600623,华谊集团,化工原料,tushare,2026-08-04
600626,申达股份,汽车配件,tushare,2026-08-04
600628,新世界,百货,tushare,2026-08-04
600629,华建集团,建筑工程,tushare,2026-08-04
600630,龙头股份,服饰,tushare,2026-08-04
600633,浙数文化,互联网,tushare,2026-08-04
600637,东方明珠,影视音像,tushare,2026-08-04
600638,新黄浦,区域地产,tushare,2026-08-04
600639,浦东金桥,园区开发,tushare,2026-08-04
600640,国脉文化,影视音像,tushare,2026-08-04
600641,先导基电,半导体,tushare,2026-08-04
600643,爱建集团,多元金融,tushare,2026-08-04
600644,乐山电力,水力发电,tushare,2026-08-04
600645,中源协和,医疗保健,tushare,2026-08-04
600648,外高桥,园区开发,tushare,2026-08-04
600649,城投控股,区域地产,tushare,2026-08-04
600650,锦江在线,公共交通,tushare,2026-08-04
600651,飞乐音响,电器仪表,tushare,2026-08-04
600653,申华控股,汽车服务,tushare,2026-08-04
600654,中安科,仓储物流,tushare,2026-08-04
600655,豫园股份,百货,tushare,2026-08-04
600657,信达地产,全国地产,tushare,2026-08-04
600660,福耀玻璃,汽车配件,tushare,2026-08-04
600663,陆家嘴,园区开发,tushare,2026-08-04
600666,奥瑞德,元器件,tushare,2026-08-04
600667,太极实业,半导体,tushare,2026-08-04
600668,尖峰集团,水泥,tushare,2026-08-04
600673,东阳光,综合类,tushare,2026-08-04
600674,川投能源,水力发电,tushare,2026-08-04
600675,中华企业,区域地产,tushare,2026-08-04
600676,久事动娱,汽车配件,tushare,2026-08-04
600682,南京新百,综合类,tushare,2026-08-04
600683,京投发展,区域地产,tushare,2026-08-04
600684,珠江股份,区域地产,tushare,2026-08-04
600685,中船防务,船舶,tushare,2026-08-04
600688,上海石化,石油加工,tushare,2026-08-04
600690,海尔智家,家用电器,tushare,2026-08-04
600692,亚通股份,区域地产,tushare,2026-08-04
600693,东百集团,百货,tushare,2026-08-04
600694,大商股份,百货,tushare,2026-08-04
600698,湖南天雁,汽车配件,tushare,2026-08-04
600699,均胜电子,汽车配件,tushare,2026-08-04
600702,舍得酒业,白酒,tushare,2026-08-04
600703,三安光电,半导体,tushare,2026-08-04
600704,物产中大,仓储物流,tushare,2026-08-04
600706,曲江文旅,旅游景点,tushare,2026-08-04
600707,彩虹股份,元器件,tushare,2026-08-04
600710,苏美达,商贸代理,tushare,2026-08-04
600711,盛屯矿业,小金属,tushare,2026-08-04
600712,南宁百货,百货,tushare,2026-08-04
600718,东软集团,软件服务,tushare,2026-08-04
600720,中交设计,建筑工程,tushare,2026-08-04
600722,金牛化工,化工原料,tushare,2026-08-04
600727,鲁北化工,化工原料,tushare,2026-08-04
600728,佳都科技,软件服务,tushare,2026-08-04
600729,重百集团,百货,tushare,2026-08-04
600732,爱旭股份,电气设备,tushare,2026-08-04
600733,北汽蓝谷,汽车整车,tushare,2026-08-04
600736,苏州高新,园区开发,tushare,2026-08-04
600737,中粮糖业,食品,tushare,2026-08-04
600738,丽尚国潮,百货,tushare,2026-08-04
600739,辽宁成大,生物制药,tushare,2026-08-04
600742,富维股份,汽车配件,tushare,2026-08-04
600744,华银电力,火力发电,tushare,2026-08-04
600748,上实发展,全国地产,tushare,2026-08-04
600749,西藏旅游,旅游景点,tushare,2026-08-04
600750,华润江中,中成药,tushare,2026-08-04
600751,海航科技,水运,tushare,2026-08-04
600754,锦江酒店,酒店餐饮,tushare,2026-08-04
600756,浪潮软件,软件服务,tushare,2026-08-04
600757,长江传媒,出版业,tushare,2026-08-04
600758,辽宁能源,煤炭开采,tushare,2026-08-04
600760,中航沈飞,航空,tushare,2026-08-04
600761,安徽合力,工程机械,tushare,2026-08-04
600763,通策医疗,医疗保健,tushare,2026-08-04
600764,中国海防,船舶,tushare,2026-08-04
600765,中航重机,航空,tushare,2026-08-04
600770,综艺股份,综合类,tushare,2026-08-04
600771,广誉远,中成药,tushare,2026-08-04
600773,西藏城投,区域地产,tushare,2026-08-04
600775,南京熊猫,通信设备,tushare,2026-08-04
600776,东方通信,通信设备,tushare,2026-08-04
600777,新潮能源,石油开采,tushare,2026-08-04
600779,水井坊,白酒,tushare,2026-08-04
600780,通宝能源,火力发电,tushare,2026-08-04
600782,新钢股份,普钢,tushare,2026-08-04
600783,鲁信创投,专用机械,tushare,2026-08-04
600784,鲁银投资,综合类,tushare,2026-08-04
600787,中储股份,仓储物流,tushare,2026-08-04
600789,鲁抗医药,化学制药,tushare,2026-08-04
600794,保税科技,仓储物流,tushare,2026-08-04
600795,国电电力,火力发电,tushare,2026-08-04
600797,浙大网新,软件服务,tushare,2026-08-04
600798,宁波海运,水运,tushare,2026-08-04
600801,华新建材,水泥,tushare,2026-08-04
600802,福建水泥,水泥,tushare,2026-08-04
600803,新奥股份,供气供热,tushare,2026-08-04
600805,悦达投资,综合类,tushare,2026-08-04
600807,济高发展,医疗保健,tushare,2026-08-04
600808,马钢股份,普钢,tushare,2026-08-04
600809,山西汾酒,白酒,tushare,2026-08-04
600810,神马股份,化纤,tushare,2026-08-04
600812,华北制药,化学制药,tushare,2026-08-04
600815,厦工股份,工程机械,tushare,2026-08-04
600816,建元信托,多元金融,tushare,2026-08-04
600821,金开新能,新型电力,tushare,2026-08-04
600822,上海物贸,汽车服务,tushare,2026-08-04
600824,益民集团,百货,tushare,2026-08-04
600825,新华传媒,出版业,tushare,2026-08-04
600826,兰生股份,文教休闲,tushare,2026-08-04
600827,百联股份,超市连锁,tushare,2026-08-04
600830,香溢融通,多元金融,tushare,2026-08-04
600831,广电网络,影视音像,tushare,2026-08-04
600838,上海九百,百货,tushare,2026-08-04
600839,四川长虹,家用电器,tushare,2026-08-04
600843,上工申贝,纺织机械,tushare,2026-08-04
600844,金煤科技,化工原料,tushare,2026-08-04
600846,同济科技,建筑工程,tushare,2026-08-04
600848,上海临港,园区开发,tushare,2026-08-04
600850,电科数字,软件服务,tushare,2026-08-04
600851,海欣股份,化学制药,tushare,2026-08-04
600853,龙建股份,建筑工程,tushare,2026-08-04
600855,航天长峰,专用机械,tushare,2026-08-04
600859,王府井,百货,tushare,2026-08-04
600860,京城股份,专用机械,tushare,2026-08-04
600862,中航高科,航空,tushare,2026-08-04
600863,华能蒙电,火力发电,tushare,2026-08-04
600864,哈投股份,证券,tushare,2026-08-04
600866,星湖科技,饲料,tushare,2026-08-04
600867,通化东宝,生物制药,tushare,2026-08-04
600868,梅雁吉祥,水力发电,tushare,2026-08-04
600869,远东股份,电气设备,tushare,2026-08-04
600871,石化油服,石油开采,tushare,2026-08-04
600872,中炬高新,食品,tushare,2026-08-04
600873,梅花生物,食品,tushare,2026-08-04
600874,创业环保,环境保护,tushare,2026-08-04
600875,东方电气,电气设备,tushare,2026-08-04
600876,凯盛新能,玻璃,tushare,2026-08-04
600877,电科芯片,半导体,tushare,2026-08-04
600879,航天电子,航空,tushare,2026-08-04
600880,博瑞传播,广告包装,tushare,2026-08-04
600882,妙可蓝多,乳制品,tushare,2026-08-04
600884,杉杉股份,电气设备,tushare,2026-08-04
600885,宏发股份,电气设备,tushare,2026-08-04
600886,国投电力,水力发电,tushare,2026-08-04
600893,航发动力,航空,tushare,2026-08-04
600894,广日股份,运输设备,tushare,2026-08-04
600895,张江高科,园区开发,tushare,2026-08-04
600901,江苏金租,多元金融,tushare,2026-08-04
600919,江苏银行,银行,tushare,2026-08-04
600933,爱柯迪,汽车配件,tushare,2026-08-04
600961,株冶集团,铅锌,tushare,2026-08-04
600962,国投中鲁,软饮料,tushare,2026-08-04
600963,岳阳林纸,造纸,tushare,2026-08-04
600966,博汇纸业,造纸,tushare,2026-08-04
600967,内蒙一机,运输设备,tushare,2026-08-04
600976,健民集团,中成药,tushare,2026-08-04
600979,广安爱众,水力发电,tushare,2026-08-04
600980,北矿科技,专用机械,tushare,2026-08-04
600984,建设机械,工程机械,tushare,2026-08-04
600985,淮北矿业,煤炭开采,tushare,2026-08-04
600986,浙文互联,互联网,tushare,2026-08-04
600988,赤峰黄金,黄金,tushare,2026-08-04
600990,四创电子,通信设备,tushare,2026-08-04
600992,贵绳股份,钢加工,tushare,2026-08-04
600993,马应龙,中成药,tushare,2026-08-04
600995,南网储能,水力发电,tushare,2026-08-04
601001,晋控煤业,煤炭开采,tushare,2026-08-04
601002,晋亿实业,机械基件,tushare,2026-08-04
601003,柳钢股份,普钢,tushare,2026-08-04
601005,重庆钢铁,普钢,tushare,2026-08-04
601007,金陵饭店,酒店餐饮,tushare,2026-08-04
601008,连云港,港口,tushare,2026-08-04
601012,隆基绿能,电气设备,tushare,2026-08-04
601020,华钰矿业,铅锌,tushare,2026-08-04
601038,一拖股份,农用机械,tushare,2026-08-04
601058,赛轮轮胎,汽车配件,tushare,2026-08-04
601069,西部黄金,黄金,tushare,2026-08-04
601099,太平洋,证券,tushare,2026-08-04
601100,恒立液压,工程机械,tushare,2026-08-04
601106,中国一重,工程机械,tushare,2026-08-04
601118,海南橡胶,橡胶,tushare,2026-08-04
601126,四方股份,电气设备,tushare,2026-08-04
601128,常熟银行,银行,tushare,2026-08-04
601137,博威合金,小金属,tushare,2026-08-04
601139,深圳燃气,供气供热,tushare,2026-08-04
601155,新城控股,区域地产,tushare,2026-08-04
601166,兴业银行,银行,tushare,2026-08-04
601169,北京银行,银行,tushare,2026-08-04
601177,杭齿前进,机械基件,tushare,2026-08-04
601179,中国西电,电气设备,tushare,2026-08-04
601186,中国铁建,建筑工程,tushare,2026-08-04
601208,东材科技,化工原料,tushare,2026-08-04
601212,白银有色,铜,tushare,2026-08-04
601218,吉鑫科技,电气设备,tushare,2026-08-04
601225,陕西煤业,煤炭开采,tushare,2026-08-04
601229,上海银行,银行,tushare,2026-08-04
601279,英利汽车,汽车配件,tushare,2026-08-04
601318,中国平安,保险,tushare,2026-08-04
601328,交通银行,银行,tushare,2026-08-04
601336,新华保险,保险,tushare,2026-08-04
601360,三六零,互联网,tushare,2026-08-04
601398,工商银行,银行,tushare,2026-08-04
601500,通用股份,汽车配件,tushare,2026-08-04
601519,大智慧,软件服务,tushare,2026-08-04
601555,东吴证券,证券,tushare,2026-08-04
601567,三星电气,电气设备,tushare,2026-08-04
601577,长沙银行,银行,tushare,2026-08-04
601595,上海电影,影视音像,tushare,2026-08-04
601599,浙文影业,纺织,tushare,2026-08-04
601600,中国铝业,铝,tushare,2026-08-04
601607,上海医药,医药商业,tushare,2026-08-04
601633,长城汽车,汽车整车,tushare,2026-08-04
601666,平煤股份,煤炭开采,tushare,2026-08-04
601678,滨化股份,化工原料,tushare,2026-08-04
601702,华峰铝业,铝,tushare,2026-08-04
601766,中国中车,运输设备,tushare,2026-08-04
601777,千里科技,摩托车,tushare,2026-08-04
601798,蓝科高新,化工机械,tushare,2026-08-04
601857,中国石油,石油开采,tushare,2026-08-04
601858,中国科传,出版业,tushare,2026-08-04
601865,福莱特,玻璃,tushare,2026-08-04
601869,长飞光纤,通信设备,tushare,2026-08-04
601882,海天精工,机床制造,tushare,2026-08-04
601888,中国中免,旅游服务,tushare,2026-08-04
601916,浙商银行,银行,tushare,2026-08-04
601918,新集能源,煤炭开采,tushare,2026-08-04
601919,中远海控,水运,tushare,2026-08-04
601939,建设银行,银行,tushare,2026-08-04
601949,中国出版,出版业,tushare,2026-08-04
601975,招商南油,水运,tushare,2026-08-04
601988,中国银行,银行,tushare,2026-08-04
601991,大唐发电,火力发电,tushare,2026-08-04
601992,金隅集团,水泥,tushare,2026-08-04
601998,中信银行,银行,tushare,2026-08-04
601999,出版传媒,出版业,tushare,2026-08-04
603000,人民网,互联网,tushare,2026-08-04
603009,北特科技,汽车配件,tushare,2026-08-04
603011,合锻智能,专用机械,tushare,2026-08-04
603012,创力集团,专用机械,tushare,2026-08-04
603022,新通联,广告包装,tushare,2026-08-04
603023,威帝股份,汽车配件,tushare,2026-08-04
603025,大豪科技,纺织机械,tushare,2026-08-04
603026,石大胜华,化工原料,tushare,2026-08-04
603027,千禾味业,食品,tushare,2026-08-04
603029,天鹅股份,农用机械,tushare,2026-08-04
603032,德新科技,专用机械,tushare,2026-08-04
603038,华立股份,家居用品,tushare,2026-08-04
603050,科林电气,电气设备,tushare,2026-08-04
603053,成都燃气,供气供热,tushare,2026-08-04
603055,台华新材,纺织,tushare,2026-08-04
603061,金海通,半导体,tushare,2026-08-04
603068,博通集成,半导体,tushare,2026-08-04
603083,剑桥科技,通信设备,tushare,2026-08-04
603090,宏盛股份,专用机械,tushare,2026-08-04
603099,长白山,旅游景点,tushare,2026-08-04
603101,汇嘉时代,百货,tushare,2026-08-04
603103,横店影视,影视音像,tushare,2026-08-04
603105,芯能科技,电气设备,tushare,2026-08-04
603110,东方材料,染料涂料,tushare,2026-08-04
603118,共进股份,通信设备,tushare,2026-08-04
603119,浙江荣泰,汽车配件,tushare,2026-08-04
603127,昭衍新药,医疗保健,tushare,2026-08-04
603129,春风动力,摩托车,tushare,2026-08-04
603153,上海建科,建筑工程,tushare,2026-08-04
603160,汇顶科技,半导体,tushare,2026-08-04
603161,科华控股,汽车配件,tushare,2026-08-04
603165,荣晟环保,造纸,tushare,2026-08-04
603177,德创环保,环境保护,tushare,2026-08-04
603180,金牌家居,家居用品,tushare,2026-08-04
603185,弘元绿能,电气设备,tushare,2026-08-04
603186,华正新材,元器件,tushare,2026-08-04
603193,润本股份,日用化工,tushare,2026-08-04
603197,保隆科技,汽车配件,tushare,2026-08-04
603220,中贝通信,通信设备,tushare,2026-08-04
603225,新凤鸣,化纤,tushare,2026-08-04
603227,雪峰科技,化工原料,tushare,2026-08-04
603233,大参林,医药商业,tushare,2026-08-04
603236,移远通信,通信设备,tushare,2026-08-04
603256,宏和科技,玻璃,tushare,2026-08-04
603267,鸿远电子,元器件,tushare,2026-08-04
603268,松发股份,船舶,tushare,2026-08-04
603286,日盈电子,汽车配件,tushare,2026-08-04
603288,海天味业,食品,tushare,2026-08-04
603313,梦百合,家居用品,tushare,2026-08-04
603317,天味食品,食品,tushare,2026-08-04
603318,水发燃气,供气供热,tushare,2026-08-04
603322,超讯科技,通信设备,tushare,2026-08-04
603333,福华尚纬,电气设备,tushare,2026-08-04
603337,杰克科技,纺织机械,tushare,2026-08-04
603338,浙江鼎力,工程机械,tushare,2026-08-04
603345,安井食品,食品,tushare,2026-08-04
603356,华菱精工,运输设备,tushare,2026-08-04
603366,日出东方,家用电器,tushare,2026-08-04
603369,今世缘,白酒,tushare,2026-08-04
603375,盛景微,半导体,tushare,2026-08-04
603383,顶点软件,软件服务,tushare,2026-08-04
603386,骏亚科技,元器件,tushare,2026-08-04
603390,通达电气,汽车配件,tushare,2026-08-04
603392,万泰生物,生物制药,tushare,2026-08-04
603393,新天然气,石油开采,tushare,2026-08-04
603399,永杉锂业,小金属,tushare,2026-08-04
603416,信捷电气,电器仪表,tushare,2026-08-04
603456,九洲药业,医疗保健,tushare,2026-08-04
603466,风语筑,文教休闲,tushare,2026-08-04
603486,科沃斯,家用电器,tushare,2026-08-04
603501,豪威集团,半导体,tushare,2026-08-04
603505,金石资源,化工原料,tushare,2026-08-04
603507,振江股份,电气设备,tushare,2026-08-04
603515,欧普照明,家用电器,tushare,2026-08-04
603520,司太立,化学制药,tushare,2026-08-04
603533,掌阅科技,互联网,tushare,2026-08-04
603536,惠发食品,食品,tushare,2026-08-04
603569,长久物流,公路,tushare,2026-08-04
603586,金麒麟,汽车配件,tushare,2026-08-04
603588,高能环境,环境保护,tushare,2026-08-04
603598,引力传媒,互联网,tushare,2026-08-04
603606,东方电缆,电气设备,tushare,2026-08-04
603613,国联股份,互联网,tushare,2026-08-04
603615,茶花股份,家居用品,tushare,2026-08-04
603616,韩建河山,水泥,tushare,2026-08-04
603618,杭电股份,电气设备,tushare,2026-08-04
603619,中曼石油,石油开采,tushare,2026-08-04
603628,清源股份,电气设备,tushare,2026-08-04
603638,艾迪精密,专用机械,tushare,2026-08-04
603658,安图生物,医疗保健,tushare,2026-08-04
603659,璞泰来,化工原料,tushare,2026-08-04
603660,苏州科达,IT设备,tushare,2026-08-04
603666,亿嘉和,专用机械,tushare,2026-08-04
603678,火炬电子,元器件,tushare,2026-08-04
603679,华体科技,电气设备,tushare,2026-08-04
603683,晶华新材,化工原料,tushare,2026-08-04
603688,石英股份,矿物制品,tushare,2026-08-04
603699,纽威股份,机械基件,tushare,2026-08-04
603701,德宏股份,汽车配件,tushare,2026-08-04
603703,盛洋科技,元器件,tushare,2026-08-04
603707,健友股份,生物制药,tushare,2026-08-04
603708,家家悦,超市连锁,tushare,2026-08-04
603711,香飘飘,软饮料,tushare,2026-08-04
603712,七一二,通信设备,tushare,2026-08-04
603726,朗迪集团,家用电器,tushare,2026-08-04
603727,博迈科,石油开采,tushare,2026-08-04
603737,三棵树,染料涂料,tushare,2026-08-04
603738,泰晶科技,元器件,tushare,2026-08-04
603777,来伊份,食品,tushare,2026-08-04
603779,威龙股份,红黄酒,tushare,2026-08-04
603799,华友钴业,小金属,tushare,2026-08-04
603800,洪田股份,专用机械,tushare,2026-08-04
603801,志邦家居,家居用品,tushare,2026-08-04
603826,坤彩科技,染料涂料,tushare,2026-08-04
603829,洛凯股份,电气设备,tushare,2026-08-04
603833,欧派家居,家居用品,tushare,2026-08-04
603861,白云电器,电气设备,tushare,2026-08-04
603863,松炀资源,造纸,tushare,2026-08-04
603866,桃李面包,食品,tushare,2026-08-04
603871,嘉友国际,仓储物流,tushare,2026-08-04
603882,金域医学,医疗保健,tushare,2026-08-04
603883,老百姓,医药商业,tushare,2026-08-04
603893,瑞芯微,半导体,tushare,2026-08-04
603899,晨光股份,文教休闲,tushare,2026-08-04
603917,合力科技,汽车配件,tushare,2026-08-04
603918,金桥信息,软件服务,tushare,2026-08-04
603927,中科软,软件服务,tushare,2026-08-04
603929,亚翔集成,装修装饰,tushare,2026-08-04
603939,益丰药房,医药商业,tushare,2026-08-04
603955,大千生态,建筑工程,tushare,2026-08-04
603969,银龙股份,其他建材,tushare,2026-08-04
603979,金诚信,铜,tushare,2026-08-04
603986,兆易创新,半导体,tushare,2026-08-04
603988,中电电机,电气设备,tushare,2026-08-04
603991,领先股份,半导体,tushare,2026-08-04
603993,洛阳钼业,小金属,tushare,2026-08-04
603999,读者传媒,出版业,tushare,2026-08-04
605055,迎丰股份,纺织,tushare,2026-08-04
605117,德业股份,电气设备,tushare,2026-08-04
605188,国光连锁,超市连锁,tushare,2026-08-04
605198,安德利,软饮料,tushare,2026-08-04
605299,舒华体育,文教休闲,tushare,2026-08-04
605300,佳禾食品,乳制品,tushare,2026-08-04
605319,无锡振华,汽车配件,tushare,2026-08-04
605333,沪光股份,汽车配件,tushare,2026-08-04
605368,蓝天燃气,供气供热,tushare,2026-08-04
605377,华旺科技,造纸,tushare,2026-08-04
688001,华兴源创,专用机械,tushare,2026-08-04
688002,睿创微纳,通信设备,tushare,2026-08-04
688005,容百科技,电气设备,tushare,2026-08-04
688008,澜起科技,半导体,tushare,2026-08-04
688015,交控科技,运输设备,tushare,2026-08-04
688016,心脉医疗,医疗保健,tushare,2026-08-04
688018,乐鑫科技,半导体,tushare,2026-08-04
688032,禾迈股份,电气设备,tushare,2026-08-04
688036,传音控股,通信设备,tushare,2026-08-04
688037,芯源微,半导体,tushare,2026-08-04
688041,海光信息,半导体,tushare,2026-08-04
688048,长光华芯,半导体,tushare,2026-08-04
688049,炬芯科技,半导体,tushare,2026-08-04
688058,宝兰德,软件服务,tushare,2026-08-04
688062,迈威生物,生物制药,tushare,2026-08-04
688063,派能科技,电气设备,tushare,2026-08-04
688065,凯赛生物,化工原料,tushare,2026-08-04
688072,拓荆科技,半导体,tushare,2026-08-04
688080,映翰通,通信设备,tushare,2026-08-04
688082,盛美上海,半导体,tushare,2026-08-04
688099,晶晨股份,半导体,tushare,2026-08-04
688100,威胜信息,通信设备,tushare,2026-08-04
688107,安路科技,半导体,tushare,2026-08-04
688108,赛诺医疗,医疗保健,tushare,2026-08-04
688109,品茗科技,软件服务,tushare,2026-08-04
688122,西部超导,小金属,tushare,2026-08-04
688123,聚辰股份,半导体,tushare,2026-08-04
688126,沪硅产业,半导体,tushare,2026-08-04
688138,清溢光电,半导体,tushare,2026-08-04
688139,海尔生物,医疗保健,tushare,2026-08-04
688147,微导纳米,专用机械,tushare,2026-08-04
688151,华强科技,医疗保健,tushare,2026-08-04
688153,唯捷创芯,半导体,tushare,2026-08-04
688159,有方科技,通信设备,tushare,2026-08-04
688161,威高骨科,医疗保健,tushare,2026-08-04
688162,巨一科技,专用机械,tushare,2026-08-04
688167,炬光科技,元器件,tushare,2026-08-04
688169,石头科技,家用电器,tushare,2026-08-04
688185,康希诺,生物制药,tushare,2026-08-04
688187,时代电气,运输设备,tushare,2026-08-04
688195,腾景科技,元器件,tushare,2026-08-04
688198,佰仁医疗,医疗保健,tushare,2026-08-04
688200,华峰测控,半导体,tushare,2026-08-04
688202,美迪西,医疗保健,tushare,2026-08-04
688206,概伦电子,半导体,tushare,2026-08-04
688209,英集芯,半导体,tushare,2026-08-04
688212,澳华内镜,医疗保健,tushare,2026-08-04
688213,思特威,半导体,tushare,2026-08-04
688218,江苏北人,专用机械,tushare,2026-08-04
688228,开普云,软件服务,tushare,2026-08-04
688232,新点软件,软件服务,tushare,2026-08-04
688234,天岳先进,半导体,tushare,2026-08-04
688253,英诺特,医疗保健,tushare,2026-08-04
688256,寒武纪,半导体,tushare,2026-08-04
688277,天智航,医疗保健,tushare,2026-08-04
688288,鸿泉技术,IT设备,tushare,2026-08-04
688290,景业智能,专用机械,tushare,2026-08-04
688295,中复神鹰,化纤,tushare,2026-08-04
688297,中无人机,航空,tushare,2026-08-04
688313,仕佳光子,通信设备,tushare,2026-08-04
688319,欧林生物,生物制药,tushare,2026-08-04
688322,奥比中光,元器件,tushare,2026-08-04
688331,荣昌生物,生物制药,tushare,2026-08-04
688333,铂力特,机械基件,tushare,2026-08-04
688336,三生国健,生物制药,tushare,2026-08-04
688345,博力威,电气设备,tushare,2026-08-04
688351,微电生理,医疗保健,tushare,2026-08-04
688353,华盛锂电,化工原料,tushare,2026-08-04
688356,键凯科技,化学制药,tushare,2026-08-04
688368,晶丰明源,半导体,tushare,2026-08-04
688369,致远互联,软件服务,tushare,2026-08-04
688379,华光新材,机械基件,tushare,2026-08-04
688380,中微半导,半导体,tushare,2026-08-04
688388,嘉元科技,电气设备,tushare,2026-08-04
688390,固德威,电气设备,tushare,2026-08-04
688392,骄成超声,专用机械,tushare,2026-08-04
688399,硕世生物,医疗保健,tushare,2026-08-04
688400,凌云光,专用机械,tushare,2026-08-04
688408,中信博,电气设备,tushare,2026-08-04
688410,山外山,医疗保健,tushare,2026-08-04
688428,诺诚健华,生物制药,tushare,2026-08-04
688458,美芯晟,半导体,tushare,2026-08-04
688498,源杰科技,半导体,tushare,2026-08-04
688505,复旦张江,化学制药,tushare,2026-08-04
688506,百利天恒,化学制药,tushare,2026-08-04
688518,联赢激光,专用机械,tushare,2026-08-04
688519,南亚新材,元器件,tushare,2026-08-04
688521,芯原股份,半导体,tushare,2026-08-04
688522,纳睿雷达,通信设备,tushare,2026-08-04
688536,思瑞浦,半导体,tushare,2026-08-04
688549,中巨芯,元器件,tushare,2026-08-04
688559,海目星,专用机械,tushare,2026-08-04
688568,中科星图,软件服务,tushare,2026-08-04
688577,浙海德曼,机床制造,tushare,2026-08-04
688578,艾力斯,化学制药,tushare,2026-08-04
688579,地纬智能,软件服务,tushare,2026-08-04
688582,芯动联科,元器件,tushare,2026-08-04
688591,泰凌微,半导体,tushare,2026-08-04
688596,正帆科技,专用机械,tushare,2026-08-04
688606,奥泰生物,医疗保健,tushare,2026-08-04
688608,恒玄科技,半导体,tushare,2026-08-04
688610,埃科光电,电器仪表,tushare,2026-08-04
688611,杭州柯林,电气设备,tushare,2026-08-04
688613,奥精医疗,医疗保健,tushare,2026-08-04
688617,惠泰医疗,医疗保健,tushare,2026-08-04
688626,翔宇医疗,医疗保健,tushare,2026-08-04
688629,华丰科技,元器件,tushare,2026-08-04
688636,智明达,元器件,tushare,2026-08-04
688639,华恒生物,化学制药,tushare,2026-08-04
688661,和林微纳,元器件,tushare,2026-08-04
688677,海泰新光,医疗保健,tushare,2026-08-04
688690,纳微科技,化工原料,tushare,2026-08-04
688696,极米科技,家用电器,tushare,2026-08-04
688700,东威科技,专用机械,tushare,2026-08-04
688702,盛科通信,半导体,tushare,2026-08-04
688716,中研股份,化工原料,tushare,2026-08-04
688728,格科微,半导体,tushare,2026-08-04
688776,国光电气,元器件,tushare,2026-08-04
688981,中芯国际,半导体,tushare,2026-08-04
689009,九号公司,摩托车,tushare,2026-08-04
