date,cash,stock_value,total_value
2015-06-12,1439072.4134651723,10114615.488131998,11553687.90159717
2015-06-15,1439072.4134651723,9888824.255362997,11327896.668828169
2015-06-16,1439072.4134651723,9516618.956147997,10955691.369613169
2015-06-17,1439072.4134651723,9699789.714390997,11138862.127856169
2015-06-18,1439072.4134651723,9368455.506480996,10807527.919946168
2015-06-19,1439072.4134651723,8825471.311342997,10264543.72480817
2015-06-23,1439072.4134651723,8799753.906281995,10238826.319747169
2015-06-24,1439072.4134651723,8925289.799283994,10364362.212749166
2015-06-25,1439072.4134651723,8514806.151208995,9953878.564674169
2015-06-26,1439072.4134651723,7868296.112678996,9307368.52614417
2015-06-29,1439072.4134651723,7349892.432144999,8788964.845610172
2015-06-30,1439072.4134651723,7632308.737097995,9071381.150563167
2015-07-01,1439072.4134651723,7320008.203235997,8759080.616701169
2015-07-02,1439072.4134651723,6877433.745449995,8316506.158915168
2015-07-03,1439072.4134651723,6503499.966724999,7942572.380190171
2015-07-06,1439072.4134651723,6257841.642967998,7696914.056433171
2015-07-07,1439072.4134651723,5923896.269616002,7362968.683081174
2015-07-08,1439072.4134651723,5760689.819182002,7199762.232647175
2015-07-09,1439072.4134651723,5946146.3681350015,7385218.781600174
2015-07-10,1439072.4134651723,6147552.613153,7586625.026618173
2015-07-13,1439072.4134651723,6355626.625122998,7794699.03858817
2015-07-14,1439072.4134651723,6451470.485637002,7890542.899102174
2015-07-15,1439072.4134651723,6207364.941737,7646437.355202172
2015-07-16,1439072.4134651723,6249373.212191998,7688445.625657171
2015-07-17,1439072.4134651723,6557172.315056998,7996244.72852217
2015-07-20,1439072.4134651723,6732427.740276,8171500.153741172
2015-07-21,1439072.4134651723,6862709.940881999,8301782.354347171
2015-07-22,1439072.4134651723,6955423.413498,8394495.826963173
2015-07-23,1439072.4134651723,7147187.918768998,8586260.33223417
2015-07-24,1439072.4134651723,7078803.669644,8517876.083109172
2015-07-27,1439072.4134651723,6615100.145369998,8054172.558835171
2015-07-28,1439072.4134651723,6404454.275157999,7843526.688623171
2015-07-29,1439072.4134651723,6684511.927182998,8123584.340648171
2015-07-30,1439072.4134651723,6527365.850397001,7966438.263862174
2015-07-31,1439072.4134651723,6401471.404288,7840543.817753172
2015-08-03,1502479.5343992775,5998828.897999001,7501308.432398278
2015-08-04,1502479.5343992775,6322104.898021001,7824584.432420279
2015-08-05,1502479.5343992775,6274115.950693999,7776595.485093276
2015-08-06,1502479.5343992775,6271751.037313999,7774230.571713276
2015-08-07,1502479.5343992775,6500350.509955001,8002830.044354279
2015-08-10,1502479.5343992775,6794603.282408002,8297082.816807279
2015-08-11,1502479.5343992775,6884459.661921998,8386939.196321275
2015-08-12,1502479.5343992775,6781532.112325001,8284011.646724278
2015-08-13,1502479.5343992775,6977375.287177999,8479854.821577277
2015-08-14,1502479.5343992775,7025470.217498998,8527949.751898276
2015-08-17,1502479.5343992775,7134311.847253999,8636791.381653275
2015-08-18,1502479.5343992775,6666082.143098,8168561.677497278
2015-08-19,1502479.5343992775,6807856.262883001,8310335.797282279
2015-08-20,1502479.5343992775,6587203.080077003,8089682.61447628
2015-08-21,1502479.5343992775,6243469.043042999,7745948.577442276
2015-08-24,1502479.5343992775,5793761.000036,7296240.534435278
2015-08-25,1502479.5343992775,5407236.018839998,6909715.553239276
2015-08-26,1502479.5343992775,5129257.606411999,6631737.140811277
2015-08-27,1502479.5343992775,5232007.795825997,6734487.330225275
2015-08-28,1502479.5343992775,5544329.234383,7046808.768782278
2015-08-31,1502479.5343992775,5355782.825710001,6858262.360109279
2015-09-01,1502479.5343992775,5069979.004247,6572458.538646277
2015-09-02,1502479.5343992775,4871659.8477030005,6374139.382102278
2015-09-07,1502479.5343992775,4938467.620836,6440947.1552352775
2015-09-08,1502479.5343992775,5147577.385672,6650056.920071278
2015-09-09,1502479.5343992775,5342226.199591,6844705.733990277
2015-09-10,1502479.5343992775,5254007.902579001,6756487.436978279
2015-09-11,1502479.5343992775,5356842.058902001,6859321.593301279
2015-09-14,1502479.5343992775,5037556.054258001,6540035.588657279
2015-09-15,1502479.5343992775,4778128.239415999,6280607.773815276
2015-09-16,1502479.5343992775,5062947.811389997,6565427.345789274
2015-09-17,1502479.5343992775,5006861.421914998,6509340.956314276
2015-09-18,1502479.5343992775,5092008.010686997,6594487.545086275
2015-09-21,1502479.5343992775,5268075.449759,6770554.9841582775
2015-09-22,1502479.5343992775,5321531.5219020005,6824011.056301278
2015-09-23,1502479.5343992775,5287388.305278,6789867.839677278
2015-09-24,1502479.5343992775,5337124.674883997,6839604.209283275
2015-09-25,1502479.5343992775,5128029.149066,6630508.683465278
2015-09-28,1502479.5343992775,5241058.7674980005,6743538.301897278
2015-09-29,1502479.5343992775,5146253.800185,6648733.334584277
2015-09-30,1502479.5343992775,5130389.258272999,6632868.7926722765
2015-10-08,1502479.5343992775,5340030.558480001,6842510.092879279
2015-10-09,1502479.5343992775,5431781.341793002,6934260.876192279
2015-10-12,1502479.5343992775,5641128.765626001,7143608.300025279
2015-10-13,1502479.5343992775,5718338.169617,7220817.704016278
2015-10-14,1502479.5343992775,5691522.704215,7194002.238614278
2015-10-15,1502479.5343992775,5838055.892454,7340535.426853278
2015-10-16,1502479.5343992775,5936273.166666,7438752.701065278
2015-10-19,1502479.5343992775,5922980.248894999,7425459.783294276
2015-10-20,1502479.5343992775,6044522.204941999,7547001.739341277
2015-10-21,1502479.5343992775,5694211.289880001,7196690.824279279
2015-10-22,1502479.5343992775,5925705.773116999,7428185.307516277
2015-10-23,1502479.5343992775,6070249.9215020025,7572729.45590128
2015-10-26,1502479.5343992775,6091821.239006002,7594300.77340528
2015-10-27,1502479.5343992775,6148738.582681,7651218.117080278
2015-10-28,1502479.5343992775,5975639.414174,7478118.948573277
2015-10-29,1502479.5343992775,6039434.341036004,7541913.875435282
2015-10-30,1502479.5343992775,6012755.835310999,7515235.369710277
2015-11-02,1502479.5343992775,5823675.534878001,7326155.069277278
2015-11-03,4078337.385364224,3222140.7416910008,7300478.127055225
2015-11-04,4078337.385364224,3379127.582700001,7457464.968064225
2015-11-05,4078337.385364224,3373594.545716998,7451931.931081222
2015-11-06,4078337.385364224,3462799.109106999,7541136.494471223
2015-11-09,4078337.385364224,3544932.714086001,7623270.099450225
2015-11-10,4078337.385364224,3586331.394151,7664668.779515224
2015-11-11,4078337.385364224,3669696.660141998,7748034.045506222
2015-11-12,4078337.385364224,3680312.779795001,7758650.165159225
2015-11-13,4078337.385364224,3638997.028002,7717334.413366225
2015-11-16,4078337.385364224,3720555.434542999,7798892.819907224
2015-11-17,4078337.385364224,3684006.008830999,7762343.394195223
2015-11-18,4078337.385364224,3648674.290554,7727011.675918224
2015-11-19,4078337.385364224,3769885.062670001,7848222.448034225
2015-11-20,4078337.385364224,3859760.046248999,7938097.431613224
2015-11-23,4078337.385364224,3814487.330056,7892824.715420224
2015-11-24,4078337.385364224,3895882.43926,7974219.824624225
2015-11-25,4078337.385364224,4003299.62619,8081637.011554224
2015-11-26,4078337.385364224,3969757.705410999,8048095.090775223
2015-11-27,4078337.385364224,3743286.313786001,7821623.699150225
2015-11-30,4078337.385364224,3784018.838971,7862356.224335224
2015-12-01,4078337.385364224,3728152.639408999,7806490.024773223
2015-12-02,4078337.385364224,3673166.9975,7751504.382864224
2015-12-03,4078337.385364224,3782426.131713001,7860763.517077225
2015-12-04,4078337.385364224,3805751.371962999,7884088.757327223
2015-12-07,4078337.385364224,3886856.055337002,7965193.440701226
2015-12-08,4078337.385364224,3838276.935645002,7916614.321009226
2015-12-09,4078337.385364224,3821726.247654999,7900063.633019224
2015-12-10,4078337.385364224,3805753.717566999,7884091.102931223
2015-12-11,4078337.385364224,3753996.960867,7832334.346231224
2015-12-14,4078337.385364224,3791269.083484,7869606.468848225
2015-12-15,4078337.385364224,3883262.0936060008,7961599.478970225
2015-12-16,4078337.385364224,3912718.831056,7991056.216420224
2015-12-17,4078337.385364224,4012622.516823999,8090959.902188223
2015-12-18,4078337.385364224,4010891.090006,8089228.475370225
2015-12-21,4078337.385364224,4033453.344523001,8111790.729887225
2015-12-22,4078337.385364224,4081778.564748,8160115.950112224
2015-12-23,4078337.385364224,4009261.9293319993,8087599.314696223
2015-12-24,4078337.385364224,4027834.938205001,8106172.323569225
2015-12-25,4078337.385364224,4049167.235862,8127504.621226223
2015-12-28,4078337.385364224,3957461.805468,8035799.190832224
2015-12-29,4078337.385364224,3980408.784624001,8058746.169988225
2015-12-30,4078337.385364224,4018114.538665,8096451.924029224
2015-12-31,4078337.385364224,3938254.530183002,8016591.915547226
2016-01-04,4078337.385364224,3629669.905198,7708007.290562224
2016-01-05,4078337.385364224,3499065.338373999,7577402.723738223
2016-01-06,4078337.385364224,3593727.884308,7672065.269672224
2016-01-07,4078337.385364224,3329525.454773,7407862.840137225
2016-01-08,4078337.385364224,3336211.5521930004,7414548.937557224
2016-01-11,4078337.385364224,3109742.096334,7188079.481698224
2016-01-12,4078337.385364224,3109215.705553001,7187553.090917225
2016-01-13,4078337.385364224,3008244.055921,7086581.441285225
2016-01-14,4078337.385364224,3123547.620451,7201885.005815224
2016-01-15,4078337.385364224,3060851.1670970023,7139188.5524612265
2016-01-18,4078337.385364224,3121097.678332,7199435.063696224
2016-01-19,4078337.385364224,3210312.4646980013,7288649.850062225
2016-01-20,4078337.385364224,3196851.6240119995,7275189.009376224
2016-01-21,4078337.385364224,3082678.186225999,7161015.571590223
2016-01-22,4078337.385364224,3122743.190972001,7201080.5763362255
2016-01-25,4078337.385364224,3155559.1140810014,7233896.499445226
2016-01-26,4078337.385364224,2942956.2654850013,7021293.650849225
2016-01-27,4078337.385364224,2910504.907828999,6988842.293193223
2016-01-28,4078337.385364224,2806287.0309829987,6884624.416347222
2016-01-29,4078337.385364224,2895417.5070270007,6973754.892391225
2016-02-01,4078337.385364224,2866108.585779001,6944445.971143225
2016-02-02,3506082.499145553,3567832.061915,7073914.561060553
2016-02-03,3506082.499145553,3623092.873817,7129175.372962553
2016-02-04,3506082.499145553,3713719.334132001,7219801.833277555
2016-02-05,3506082.499145553,3724078.335983,7230160.835128553
2016-02-15,3506082.499145553,3759664.238205,7265746.737350553
2016-02-16,3506082.499145553,3947714.161035,7453796.660180554
2016-02-17,3506082.499145553,4000946.127524,7507028.626669553
2016-02-18,3506082.499145553,3988848.074011999,7494930.573157553
2016-02-19,3506082.499145553,4031103.144915001,7537185.644060554
2016-02-22,3506082.499145553,4106381.231882001,7612463.731027555
2016-02-23,3506082.499145553,4068994.196601001,7575076.695746554
2016-02-24,3506082.499145553,4064256.001270001,7570338.500415554
2016-02-25,3506082.499145553,3750618.5697,7256701.068845553
2016-02-26,3506082.499145553,3721590.363693,7227672.862838553
2016-02-29,3506082.499145553,3505931.1499460004,7012013.649091554
2016-03-01,3506082.499145553,3615605.16156,7121687.660705553
2016-03-02,3506082.499145553,3795293.042859,7301375.542004554
2016-03-03,3506082.499145553,3723966.32817,7230048.827315553
2016-03-04,3506082.499145553,3534820.238183,7040902.737328554
2016-03-07,3506082.499145553,3598581.4939410007,7104663.993086554
2016-03-08,3506082.499145553,3625448.843658001,7131531.342803555
2016-03-09,3506082.499145553,3585655.1910500005,7091737.690195554
2016-03-10,3506082.499145553,3493625.319103999,6999707.8182495525
2016-03-11,3506082.499145553,3422259.537534001,6928342.036679555
2016-03-14,3506082.499145553,3562192.188278,7068274.687423553
2016-03-15,3506082.499145553,3514108.530561,7020191.029706554
2016-03-16,3506082.499145553,3480978.3925459995,6987060.8916915525
2016-03-17,3506082.499145553,3646777.0117059993,7152859.510851553
2016-03-18,3506082.499145553,3833036.268899001,7339118.768044555
2016-03-21,3506082.499145553,4000545.742389,7506628.2415345535
2016-03-22,3506082.499145553,4027106.811698,7533189.310843553
2016-03-23,3506082.499145553,4112814.257256,7618896.756401554
2016-03-24,3506082.499145553,4056271.2189169982,7562353.718062552
2016-03-25,3506082.499145553,3990458.245045999,7496540.744191552
2016-03-28,3506082.499145553,3966449.455194999,7472531.954340553
2016-03-29,3506082.499145553,3897985.563671001,7404068.062816555
2016-03-30,3506082.499145553,4055148.705558001,7561231.204703554
2016-03-31,3506082.499145553,4095655.766485999,7601738.265631553
2016-04-01,3506082.499145553,4018669.421683,7524751.920828554
2016-04-05,3506082.499145553,4139616.088133,7645698.587278554
2016-04-06,3506082.499145553,4180334.868061,7686417.367206553
2016-04-07,3506082.499145553,4117994.848829999,7624077.347975552
2016-04-08,3506082.499145553,4049032.16662,7555114.665765554
2016-04-11,3506082.499145553,4116175.008839,7622257.507984553
2016-04-12,3506082.499145553,4047897.8949759984,7553980.394121552
2016-04-13,3506082.499145553,4088379.394688001,7594461.893833554
2016-04-14,3506082.499145553,4140371.011425,7646453.510570553
2016-04-15,3506082.499145553,4168187.7832419984,7674270.282387552
2016-04-18,3506082.499145553,4130839.164399,7636921.663544554
2016-04-19,3506082.499145553,4153616.812674001,7659699.311819555
2016-04-20,3506082.499145553,3941674.67466,7447757.1738055535
2016-04-21,3506082.499145553,3858176.246107,7364258.745252553
2016-04-22,3506082.499145553,3915372.588734,7421455.087879553
2016-04-25,3506082.499145553,3861494.327311,7367576.826456553
2016-04-26,3506082.499145553,3924122.7612600015,7430205.260405555
2016-04-27,3506082.499145553,3949433.4382950016,7455515.937440556
2016-04-28,3506082.499145553,3952688.107941001,7458770.607086554
2016-04-29,3506082.499145553,3911170.680494999,7417253.179640552
2016-05-03,3506082.499145553,4034110.415776,7540192.914921554
2016-05-04,3762130.429878995,3757903.404497001,7520033.834375996
2016-05-05,3762130.429878995,3827276.022597,7589406.452475995
2016-05-06,3762130.429878995,3700151.641827,7462282.071705995
2016-05-09,3762130.429878995,3545636.918694,7307767.3485729955
2016-05-10,3762130.429878995,3524949.9926849995,7287080.422563994
2016-05-11,3762130.429878995,3477965.252756,7240095.682634994
2016-05-12,3762130.429878995,3480407.572236001,7242538.002114996
2016-05-13,3762130.429878995,3461603.4247579994,7223733.854636994
2016-05-16,3762130.429878995,3541950.851168999,7304081.281047994
2016-05-17,3762130.429878995,3545266.328328,7307396.758206995
2016-05-18,3762130.429878995,3419814.6565809995,7181945.086459994
2016-05-19,3762130.429878995,3455069.7243999983,7217200.154278994
2016-05-20,3762130.429878995,3490509.493212,7252639.923090994
2016-05-23,3762130.429878995,3560303.8693660013,7322434.299244996
2016-05-24,3762130.429878995,3527089.930095,7289220.359973995
2016-05-25,3762130.429878995,3503072.1259339983,7265202.555812993
2016-05-26,3762130.429878995,3514828.2190819997,7276958.648960995
2016-05-27,3762130.429878995,3490296.2014120016,7252426.631290996
2016-05-30,3762130.429878995,3477872.6528910003,7240003.082769996
2016-05-31,3762130.429878995,3606025.20654,7368155.636418994
2016-06-01,3762130.429878995,3657870.426892,7420000.856770994
2016-06-02,3762130.429878995,3693066.165680999,7455196.595559994
2016-06-03,3762130.429878995,3700530.700360998,7462661.130239993
2016-06-06,3762130.429878995,3731557.71058,7493688.140458995
2016-06-07,3762130.429878995,3727673.8637720007,7489804.293650996
2016-06-08,3762130.429878995,3724643.143154,7486773.573032995
2016-06-13,3762130.429878995,3555662.9674169994,7317793.397295995
2016-06-14,3762130.429878995,3565866.1279939995,7327996.557872994
2016-06-15,3762130.429878995,3684309.414291,7446439.844169995
2016-06-16,3762130.429878995,3699387.441543,7461517.871421995
2016-06-17,3762130.429878995,3744018.384241999,7506148.814120993
2016-06-20,3762130.429878995,3772041.1390650007,7534171.568943996
2016-06-21,3762130.429878995,3721623.300774,7483753.730652995
2016-06-22,3762130.429878995,3779274.082364,7541404.512242995
2016-06-23,3762130.429878995,3763410.9446839984,7525541.374562994
2016-06-24,3762130.429878995,3760130.644877,7522261.074755995
2016-06-27,3762130.429878995,3851494.298304,7613624.728182995
2016-06-28,3762130.429878995,3898786.652306999,7660917.082185993
2016-06-29,3762130.429878995,3904895.856886,7667026.286764995
2016-06-30,3762130.429878995,3892515.743312999,7654646.173191994
2016-07-01,3762130.429878995,3877569.815057,7639700.244935995
2016-07-04,3762130.429878995,3949803.266116,7711933.695994996
2016-07-05,3762130.429878995,3981650.5705479993,7743781.000426995
2016-07-06,3762130.429878995,4019434.659599,7781565.089477994
2016-07-07,3762130.429878995,4024547.355716,7786677.785594994
2016-07-08,3762130.429878995,3981286.504099,7743416.933977995
2016-07-11,3762130.429878995,3963800.180147999,7725930.610026994
2016-07-12,3762130.429878995,3975821.796729,7737952.226607995
2016-07-13,3762130.429878995,3994288.860176,7756419.290054996
2016-07-14,3762130.429878995,3994864.703472001,7756995.133350995
2016-07-15,3762130.429878995,3974842.1275400016,7736972.557418996
2016-07-18,3762130.429878995,3938341.901105999,7700472.330984994
2016-07-19,3762130.429878995,3953580.8796240008,7715711.309502996
2016-07-20,3762130.429878995,3963840.468733,7725970.898611994
2016-07-21,3762130.429878995,3941772.903130999,7703903.333009994
2016-07-22,3762130.429878995,3903967.895834001,7666098.325712996
2016-07-25,3762130.429878995,3898689.103314999,7660819.533193993
2016-07-26,3762130.429878995,3941307.679432999,7703438.109311994
2016-07-27,3762130.429878995,3779209.703365,7541340.133243995
2016-07-28,3762130.429878995,3758583.749251,7520714.179129995
2016-07-29,3762130.429878995,3726970.33322,7489100.763098994
2016-08-01,3762130.429878995,3669466.704702,7431597.134580995
2016-08-02,1692901.2244335175,5800185.286841,7493086.511274518
2016-08-03,1692901.2244335175,5786567.017942999,7479468.242376516
2016-08-04,1692901.2244335175,5832719.740686001,7525620.965119518
2016-08-05,1692901.2244335175,5791381.386843999,7484282.611277517
2016-08-08,1692901.2244335175,5861064.588196999,7553965.812630517
2016-08-09,1692901.2244335175,5913166.996064001,7606068.220497519
2016-08-10,1692901.2244335175,5918386.219812998,7611287.444246516
2016-08-11,1692901.2244335175,5792791.484125999,7485692.708559517
2016-08-12,1692901.2244335175,5843765.528953,7536666.753386518
2016-08-15,1692901.2244335175,5948234.908163999,7641136.132597517
2016-08-16,1692901.2244335175,6014060.387274,7706961.611707518
2016-08-17,1692901.2244335175,6022090.365697,7714991.590130517
2016-08-18,1692901.2244335175,6005839.160938999,7698740.385372516
2016-08-19,1692901.2244335175,6023816.582289001,7716717.806722518
2016-08-22,1692901.2244335175,5960414.944372,7653316.168805517
2016-08-23,1692901.2244335175,5953067.0809,7645968.305333517
2016-08-24,1692901.2244335175,5957955.159185999,7650856.383619517
2016-08-25,1692901.2244335175,5893143.992799999,7586045.217233516
2016-08-26,1692901.2244335175,5948065.851000003,7640967.075433521
2016-08-29,1692901.2244335175,5940723.871034,7633625.095467517
2016-08-30,1692901.2244335175,5954499.390641999,7647400.615075516
2016-08-31,1692901.2244335175,5983288.208682999,7676189.433116516
2016-09-01,1692901.2244335175,5965585.737524001,7658486.961957518
2016-09-02,1692901.2244335175,5915545.715548002,7608446.93998152
2016-09-05,1692901.2244335175,5935481.902760998,7628383.127194516
2016-09-06,1692901.2244335175,6072532.117979001,7765433.342412518
2016-09-07,1692901.2244335175,6045978.738376999,7738879.962810516
2016-09-08,1692901.2244335175,6052765.093059,7745666.317492517
2016-09-09,1692901.2244335175,6072728.249714002,7765629.474147519
2016-09-12,1692901.2244335175,5910944.316148,7603845.540581517
2016-09-13,1692901.2244335175,5933004.840578998,7625906.065012516
2016-09-14,1692901.2244335175,5886944.253649,7579845.478082517
2016-09-19,1692901.2244335175,5933954.415309,7626855.639742518
2016-09-20,1692901.2244335175,5932426.877383,7625328.101816518
2016-09-21,1692901.2244335175,5934215.561271001,7627116.785704518
2016-09-22,1692901.2244335175,5945602.220695999,7638503.445129517
2016-09-23,1692901.2244335175,5893535.277141,7586436.501574518
2016-09-26,1692901.2244335175,5734009.660929,7426910.885362517
2016-09-27,1692901.2244335175,5812342.458076001,7505243.682509519
2016-09-28,1692901.2244335175,5809029.139384,7501930.363817517
2016-09-29,1692901.2244335175,5800977.251829,7493878.476262517
2016-09-30,1692901.2244335175,5834987.726578002,7527888.95101152
2016-10-10,1692901.2244335175,5963111.083601001,7656012.308034519
2016-10-11,1692901.2244335175,6005939.314585001,7698840.539018519
2016-10-12,1692901.2244335175,5986266.847617001,7679168.072050519
2016-10-13,1692901.2244335175,5968875.972176,7661777.196609518
2016-10-14,1692901.2244335175,5962489.420183003,7655390.64461652
2016-10-17,1692901.2244335175,5906547.867975,7599449.092408517
2016-10-18,1692901.2244335175,6028071.548901,7720972.773334518
2016-10-19,1692901.2244335175,6033298.330365999,7726199.554799516
2016-10-20,1692901.2244335175,6063841.380841,7756742.605274517
2016-10-21,1692901.2244335175,6004770.753371,7697671.977804517
2016-10-24,1692901.2244335175,6034911.424774002,7727812.649207519
2016-10-25,1692901.2244335175,6110193.539192,7803094.763625517
2016-10-26,1692901.2244335175,6128633.330805001,7821534.555238519
2016-10-27,1692901.2244335175,6141254.071233,7834155.295666518
2016-10-28,1692901.2244335175,6123493.230201001,7816394.454634519
2016-10-31,1692901.2244335175,6084258.957096999,7777160.181530517
2016-11-01,1345473.299679699,6587497.788713,7932971.088392699
2016-11-02,1345473.299679699,6597962.106962998,7943435.406642698
2016-11-03,1345473.299679699,6644668.470310999,7990141.7699906975
2016-11-04,1345473.299679699,6623540.310520002,7969013.610199701
2016-11-07,1345473.299679699,6608163.886032996,7953637.185712695
2016-11-08,1345473.299679699,6633525.588419999,7978998.888099698
2016-11-09,1345473.299679699,6630411.320811999,7975884.620491698
2016-11-10,1345473.299679699,6742866.121712001,8088339.421391699
2016-11-11,1345473.299679699,6718189.032119002,8063662.331798701
2016-11-14,1345473.299679699,6731057.135299,8076530.434978699
2016-11-15,1345473.299679699,6751577.951016998,8097051.250696696
2016-11-16,1345473.299679699,6710326.430022,8055799.7297017
2016-11-17,1345473.299679699,6679395.446159003,8024868.745838702
2016-11-18,1345473.299679699,6688333.260414998,8033806.560094697
2016-11-21,1345473.299679699,6752965.115047999,8098438.414727697
2016-11-22,1345473.299679699,6845137.380139002,8190610.679818701
2016-11-23,1345473.299679699,6805043.634653002,8150516.9343327
2016-11-24,1345473.299679699,6756580.780975002,8102054.080654701
2016-11-25,1345473.299679699,6737843.362906,8083316.662585698
2016-11-28,1345473.299679699,6733983.457319996,8079456.756999696
2016-11-29,1345473.299679699,6637776.894185999,7983250.193865698
2016-11-30,1345473.299679699,6600792.2575090015,7946265.557188701
2016-12-01,1345473.299679699,6679238.725643001,8024712.0253227
2016-12-02,1345473.299679699,6562700.844110002,7908174.143789701
2016-12-05,1345473.299679699,6570670.898316998,7916144.197996696
2016-12-06,1345473.299679699,6641506.740944,7986980.040623698
2016-12-07,1345473.299679699,6703468.532278004,8048941.831957703
2016-12-08,1345473.299679699,6626838.348945999,7972311.648625698
2016-12-09,1345473.299679699,6655419.603466,8000892.903145699
2016-12-12,1345473.299679699,6304232.420854999,7649705.720534697
2016-12-13,1345473.299679699,6334844.857833001,7680318.1575127
2016-12-14,1345473.299679699,6271300.425329001,7616773.7250087
2016-12-15,1345473.299679699,6321197.779347,7666671.079026699
2016-12-16,1345473.299679699,6435312.003228999,7780785.302908698
2016-12-19,1345473.299679699,6424881.011898001,7770354.3115777
2016-12-20,1345473.299679699,6434688.493261,7780161.792940699
2016-12-21,1345473.299679699,6482394.248519001,7827867.5481987
2016-12-22,1345473.299679699,6446457.493278995,7791930.792958694
2016-12-23,1345473.299679699,6403793.584272998,7749266.883952698
2016-12-26,1345473.299679699,6445321.538414001,7790794.8380937
2016-12-27,1345473.299679699,6451184.438309,7796657.737988699
2016-12-28,1345473.299679699,6367370.507133001,7712843.8068127
2016-12-29,1345473.299679699,6311996.6891830005,7657469.988862699
2016-12-30,1345473.299679699,6320445.044683,7665918.344362698
2017-01-03,1345473.299679699,6398899.684756,7744372.984435698
2017-01-04,1345473.299679699,6526392.347038,7871865.646717699
2017-01-05,1345473.299679699,6543262.038994,7888735.3386737
2017-01-06,1345473.299679699,6508804.518848998,7854277.818528697
2017-01-09,1345473.299679699,6502206.815028998,7847680.114708697
2017-01-10,1345473.299679699,6474261.445099,7819734.744778698
2017-01-11,1345473.299679699,6384876.277855001,7730349.5775347
2017-01-12,1345473.299679699,6332133.771331,7677607.0710106995
2017-01-13,1345473.299679699,6236265.403661001,7581738.7033407
2017-01-16,1345473.299679699,5948071.032401001,7293544.3320806995
2017-01-17,1345473.299679699,6051533.067583998,7397006.367263697
2017-01-18,1345473.299679699,6032586.1003720015,7378059.4000517
2017-01-19,1345473.299679699,5985077.698454,7330550.998133698
2017-01-20,1345473.299679699,6075329.354246002,7420802.6539257
2017-01-23,1345473.299679699,6150538.361456,7496011.6611357
2017-01-24,1345473.299679699,6123617.139007003,7469090.438686702
2017-01-25,1345473.299679699,6123663.247503003,7469136.547182701
2017-01-26,1345473.299679699,6170782.064175,7516255.363854699
2017-02-03,1345473.299679699,6123830.696953002,7469303.996632701
2017-02-06,285215.92891326314,7280462.781728999,7565678.710642261
2017-02-07,285215.92891326314,7320522.367797,7605738.296710264
2017-02-08,285215.92891326314,7370328.295410998,7655544.224324262
2017-02-09,285215.92891326314,7444767.021506002,7729982.950419266
2017-02-10,285215.92891326314,7420725.167552001,7705941.096465263
2017-02-13,285215.92891326314,7441385.836203001,7726601.765116265
2017-02-14,285215.92891326314,7428982.190360002,7714198.119273266
2017-02-15,285215.92891326314,7321480.529074,7606696.457987264
2017-02-16,285215.92891326314,7375795.001777003,7661010.930690266
2017-02-17,285215.92891326314,7294127.550438999,7579343.479352262
2017-02-20,285215.92891326314,7311139.875608999,7596355.804522263
2017-02-21,285215.92891326314,7384433.449984999,7669649.378898263
2017-02-22,285215.92891326314,7419915.860426004,7705131.789339267
2017-02-23,285215.92891326314,7398480.813235003,7683696.742148265
2017-02-24,285215.92891326314,7438477.727013,7723693.655926263
2017-02-27,285215.92891326314,7429989.299783999,7715205.228697263
2017-02-28,285215.92891326314,7467789.948951001,7753005.877864264
2017-03-01,285215.92891326314,7505515.953073,7790731.881986262
2017-03-02,285215.92891326314,7500825.068369001,7786040.997282265
2017-03-03,285215.92891326314,7508913.478800002,7794129.407713266
2017-03-06,285215.92891326314,7562996.269588002,7848212.198501265
2017-03-07,285215.92891326314,7534346.683467003,7819562.612380266
2017-03-08,285215.92891326314,7520303.691443001,7805519.620356264
2017-03-09,285215.92891326314,7483063.221910999,7768279.150824262
2017-03-10,285215.92891326314,7549436.881434998,7834652.810348261
2017-03-13,285215.92891326314,7619223.867952001,7904439.796865264
2017-03-14,285215.92891326314,7583088.045813001,7868303.974726263
2017-03-15,285215.92891326314,7531694.122574002,7816910.051487265
2017-03-16,285215.92891326314,7626141.342373999,7911357.271287262
2017-03-17,285215.92891326314,7584453.401972,7869669.330885263
2017-03-20,285215.92891326314,7596161.232426002,7881377.161339264
2017-03-21,285215.92891326314,7600653.897775001,7885869.826688264
2017-03-22,285215.92891326314,7583925.195202,7869141.124115264
2017-03-23,285215.92891326314,7605987.750049001,7891203.678962264
2017-03-24,285215.92891326314,7611268.215492001,7896484.144405264
2017-03-27,285215.92891326314,7568320.449601002,7853536.378514266
2017-03-28,285215.92891326314,7548758.392554002,7833974.3214672655
2017-03-29,285215.92891326314,7491446.648096999,7776662.577010263
2017-03-30,285215.92891326314,7285664.49456,7570880.423473263
2017-03-31,285215.92891326314,7292275.594544,7577491.523457263
2017-04-05,285215.92891326314,7437724.709352002,7722940.638265265
2017-04-06,285215.92891326314,7438841.224365004,7724057.153278267
2017-04-07,285215.92891326314,7441732.790213998,7726948.719127262
2017-04-10,285215.92891326314,7377780.561945001,7662996.490858264
2017-04-11,285215.92891326314,7409819.423960999,7695035.352874262
2017-04-12,285215.92891326314,7308947.143858996,7594163.072772259
2017-04-13,285215.92891326314,7318957.286845004,7604173.215758268
2017-04-14,285215.92891326314,7171176.561314001,7456392.490227263
2017-04-17,285215.92891326314,7053735.378917002,7338951.307830265
2017-04-18,285215.92891326314,6960464.638757002,7245680.567670265
2017-04-19,285215.92891326314,6838530.705318,7123746.634231264
2017-04-20,285215.92891326314,6789938.983708,7075154.912621263
2017-04-21,285215.92891326314,6783382.753154003,7068598.682067266
2017-04-24,285215.92891326314,6525731.438690002,6810947.367603265
2017-04-25,285215.92891326314,6533312.592012999,6818528.520926261
2017-04-26,285215.92891326314,6557952.323403002,6843168.252316264
2017-04-27,285215.92891326314,6601547.775713999,6886763.704627262
2017-04-28,285215.92891326314,6671275.720448,6956491.649361264
2017-05-02,285215.92891326314,6678043.340700002,6963259.269613266
2017-05-03,1312028.7853601675,5664328.906319001,6976357.6916791685
2017-05-04,1312028.7853601675,5659033.418996998,6971062.204357166
2017-05-05,1312028.7853601675,5555938.996964999,6867967.782325166
2017-05-08,1312028.7853601675,5391771.0199850015,6703799.805345169
2017-05-09,1312028.7853601675,5444064.623580001,6756093.408940169
2017-05-10,1312028.7853601675,5336335.69501,6648364.480370168
2017-05-11,1312028.7853601675,5330193.846404999,6642222.631765166
2017-05-12,1312028.7853601675,5329495.106785003,6641523.892145171
2017-05-15,1312028.7853601675,5339932.835636,6651961.620996168
2017-05-16,1312028.7853601675,5455425.321794,6767454.107154167
2017-05-17,1312028.7853601675,5466794.448903001,6778823.234263169
2017-05-18,1312028.7853601675,5407935.339605999,6719964.124966167
2017-05-19,1312028.7853601675,5387260.009407001,6699288.794767168
2017-05-22,1312028.7853601675,5293911.684198998,6605940.469559166
2017-05-23,1312028.7853601675,5095964.202935002,6407992.98829517
2017-05-24,1312028.7853601675,5104883.307547,6416912.092907168
2017-05-25,1312028.7853601675,5142099.827873001,6454128.613233169
2017-05-26,1312028.7853601675,5114352.3616430005,6426381.147003168
2017-05-31,1312028.7853601675,5100613.467736001,6412642.253096169
2017-06-01,1312028.7853601675,4925075.663973999,6237104.449334167
2017-06-02,1312028.7853601675,4970912.144987999,6282940.930348167
2017-06-05,1312028.7853601675,5028469.152394999,6340497.937755167
2017-06-06,1312028.7853601675,5052490.569739997,6364519.355100165
2017-06-07,1312028.7853601675,5160891.109293998,6472919.894654166
2017-06-08,1312028.7853601675,5164185.310560999,6476214.095921166
2017-06-09,1312028.7853601675,5183828.054884002,6495856.840244169
2017-06-12,1312028.7853601675,5113997.719755999,6426026.505116167
2017-06-13,1312028.7853601675,5183637.350566002,6495666.135926169
2017-06-14,1312028.7853601675,5199158.111895,6511186.897255167
2017-06-15,1312028.7853601675,5263174.040370998,6575202.825731166
2017-06-16,1312028.7853601675,5256908.440108002,6568937.22546817
2017-06-19,1312028.7853601675,5304786.386505001,6616815.171865169
2017-06-20,1312028.7853601675,5316024.709786999,6628053.495147167
2017-06-21,1312028.7853601675,5343061.215927,6655090.001287168
2017-06-22,1312028.7853601675,5249758.267038001,6561787.0523981685
2017-06-23,1312028.7853601675,5258466.466769001,6570495.252129169
2017-06-26,1312028.7853601675,5335180.875831,6647209.661191167
2017-06-27,1312028.7853601675,5332150.228979999,6644179.014340167
2017-06-28,1312028.7853601675,5315208.120874,6627236.906234168
2017-06-29,1312028.7853601675,5330380.786362998,6642409.571723166
2017-06-30,1312028.7853601675,5349083.191261,6661111.976621168
2017-07-03,1312028.7853601675,5400756.5948210005,6712785.380181168
2017-07-04,1312028.7853601675,5389118.970796,6701147.756156168
2017-07-05,1312028.7853601675,5430432.192184999,6742460.977545166
2017-07-06,1312028.7853601675,5474676.271892,6786705.057252168
2017-07-07,1312028.7853601675,5504022.103839001,6816050.889199168
2017-07-10,1312028.7853601675,5495400.424987001,6807429.210347169
2017-07-11,1312028.7853601675,5423936.957138001,6735965.742498169
2017-07-12,1312028.7853601675,5443789.975437999,6755818.760798167
2017-07-13,1312028.7853601675,5463817.709234,6775846.494594168
2017-07-14,1312028.7853601675,5439193.466903,6751222.252263168
2017-07-17,1312028.7853601675,5178891.958195002,6490920.74355517
2017-07-18,1312028.7853601675,5227616.797194999,6539645.582555166
2017-07-19,1312028.7853601675,5320383.355048999,6632412.140409167
2017-07-20,1312028.7853601675,5358602.618184,6670631.403544168
2017-07-21,1312028.7853601675,5361240.865318001,6673269.650678169
2017-07-24,1312028.7853601675,5404411.841050999,6716440.626411167
2017-07-25,1312028.7853601675,5398162.085668999,6710190.871029167
2017-07-26,1312028.7853601675,5391810.366962001,6703839.152322168
2017-07-27,1312028.7853601675,5439155.098441001,6751183.883801169
2017-07-28,1312028.7853601675,5455723.085633999,6767751.870994167
2017-07-31,1312028.7853601675,5525710.292472001,6837739.077832169
2017-08-01,315385.0642992261,6517602.894885998,6832987.959185224
2017-08-02,315385.0642992261,6460145.232278,6775530.296577225
2017-08-03,315385.0642992261,6471679.631782999,6787064.696082225
2017-08-04,315385.0642992261,6435807.251822001,6751192.316121227
2017-08-07,315385.0642992261,6492421.3007310005,6807806.365030226
2017-08-08,315385.0642992261,6516946.852211999,6832331.916511225
2017-08-09,315385.0642992261,6536306.272275999,6851691.336575225
2017-08-10,315385.0642992261,6494357.341847998,6809742.406147224
2017-08-11,315385.0642992261,6392350.536069,6707735.600368226
2017-08-14,315385.0642992261,6541011.889759001,6856396.954058227
2017-08-15,315385.0642992261,6551307.063903,6866692.128202226
2017-08-16,315385.0642992261,6565415.515875,6880800.580174225
2017-08-17,315385.0642992261,6630795.220292,6946180.284591226
2017-08-18,315385.0642992261,6616331.68801,6931716.7523092255
2017-08-21,315385.0642992261,6682729.208976,6998114.273275225
2017-08-22,315385.0642992261,6647750.169243998,6963135.233543224
2017-08-23,315385.0642992261,6609890.826797996,6925275.8910972215
2017-08-24,315385.0642992261,6584745.872962999,6900130.937262225
2017-08-25,315385.0642992261,6644737.702478,6960122.766777226
2017-08-28,315385.0642992261,6723754.453873001,7039139.518172227
2017-08-29,315385.0642992261,6702715.543392001,7018100.6076912265
2017-08-30,315385.0642992261,6731126.445999999,7046511.510299224
2017-08-31,315385.0642992261,6764818.786309004,7080203.85060823
2017-09-01,315385.0642992261,6834456.061638001,7149841.125937227
2017-09-04,315385.0642992261,6888666.251523,7204051.315822226
2017-09-05,315385.0642992261,6878979.244718997,7194364.309018223
2017-09-06,315385.0642992261,6900760.741714,7216145.806013226
2017-09-07,315385.0642992261,6842628.616017,7158013.680316226
2017-09-08,315385.0642992261,6847354.390327998,7162739.454627224
2017-09-11,315385.0642992261,6889187.0444990015,7204572.108798227
2017-09-12,315385.0642992261,6925975.773604001,7241360.837903227
2017-09-13,315385.0642992261,6964852.214987,7280237.279286226
2017-09-14,315385.0642992261,6953599.042913999,7268984.107213225
2017-09-15,315385.0642992261,6910454.306706,7225839.371005226
2017-09-18,315385.0642992261,6977645.926924001,7293030.991223227
2017-09-19,315385.0642992261,6949696.079057998,7265081.143357224
2017-09-20,315385.0642992261,7010047.669630002,7325432.733929228
2017-09-21,315385.0642992261,6898283.289960999,7213668.354260225
2017-09-22,315385.0642992261,6845366.377695999,7160751.441995225
2017-09-25,315385.0642992261,6721123.247616,7036508.311915225
2017-09-26,315385.0642992261,6744037.447000999,7059422.511300225
2017-09-27,315385.0642992261,6777419.767780001,7092804.832079227
2017-09-28,315385.0642992261,6751159.660328997,7066544.724628223
2017-09-29,315385.0642992261,6825767.386602,7141152.450901226
2017-10-09,315385.0642992261,6879260.589264003,7194645.653563228
2017-10-10,315385.0642992261,6916866.205133,7232251.269432226
2017-10-11,315385.0642992261,6933260.707451999,7248645.771751225
2017-10-12,315385.0642992261,6919351.788672002,7234736.852971228
2017-10-13,315385.0642992261,6977338.867376999,7292723.931676225
2017-10-16,315385.0642992261,6884694.818545002,7200079.882844227
2017-10-17,315385.0642992261,6872296.248854999,7187681.313154225
2017-10-18,315385.0642992261,6860639.030494001,7176024.094793227
2017-10-19,315385.0642992261,6781473.613322002,7096858.677621228
2017-10-20,315385.0642992261,6836558.199719001,7151943.264018226
2017-10-23,315385.0642992261,6866303.463600999,7181688.527900225
2017-10-24,315385.0642992261,6861820.489465002,7177205.553764228
2017-10-25,315385.0642992261,6905415.418942,7220800.483241226
2017-10-26,315385.0642992261,6927418.523059999,7242803.587359224
2017-10-27,315385.0642992261,6869400.037837002,7184785.102136228
2017-10-30,315385.0642992261,6702630.630260999,7018015.694560225
2017-10-31,315385.0642992261,6779179.028866,7094564.093165225
2017-11-01,89415.29064690902,7013655.911979004,7103071.202625913
2017-11-02,89415.29064690902,6939581.429862001,7028996.72050891
2017-11-03,89415.29064690902,6867692.124003,6957107.414649908
2017-11-06,89415.29064690902,7002952.106282,7092367.396928908
2017-11-07,89415.29064690902,7034087.622449,7123502.913095909
2017-11-08,89415.29064690902,7057689.103902999,7147104.394549908
2017-11-09,89415.29064690902,7125642.177130999,7215057.467777908
2017-11-10,89415.29064690902,7186811.827931003,7276227.118577911
2017-11-13,89415.29064690902,7265126.212056996,7354541.502703905
2017-11-14,89415.29064690902,7228635.718120003,7318051.008766912
2017-11-15,89415.29064690902,7148822.451835997,7238237.742482906
2017-11-16,89415.29064690902,7189538.276887002,7278953.567533911
2017-11-17,89415.29064690902,6967640.273280002,7057055.563926911
2017-11-20,89415.29064690902,7064805.353582998,7154220.644229907
2017-11-21,89415.29064690902,7119474.048632996,7208889.339279905
2017-11-22,89415.29064690902,7095384.958822,7184800.249468909
2017-11-23,89415.29064690902,6897843.109215,6987258.3998619085
2017-11-24,89415.29064690902,6927161.769233001,7016577.05987991
2017-11-27,89415.29064690902,6876065.030362,6965480.321008909
2017-11-28,89415.29064690902,7047880.208526002,7137295.499172911
2017-11-29,89415.29064690902,7143331.961957999,7232747.252604907
2017-11-30,89415.29064690902,7081689.519215998,7171104.809862907
2017-12-01,89415.29064690902,7180255.838756998,7269671.129403907
2017-12-04,89415.29064690902,7130080.848504998,7219496.139151907
2017-12-05,89415.29064690902,6927141.036357999,7016556.327004908
2017-12-06,89415.29064690902,6973587.888562001,7063003.17920891
2017-12-07,89415.29064690902,6971072.826886002,7060488.117532911
2017-12-08,89415.29064690902,7070901.045723001,7160316.336369909
2017-12-11,89415.29064690902,7215092.392906,7304507.683552909
2017-12-12,89415.29064690902,7133965.323372002,7223380.614018911
2017-12-13,89415.29064690902,7179259.551393001,7268674.84203991
2017-12-14,89415.29064690902,7188264.611672999,7277679.902319908
2017-12-15,89415.29064690902,7108870.260388998,7198285.551035907
2017-12-18,89415.29064690902,7053314.865311003,7142730.155957912
2017-12-19,89415.29064690902,7097633.520358001,7187048.81100491
2017-12-20,89415.29064690902,7050729.521841002,7140144.812487911
2017-12-21,89415.29064690902,7111727.04214,7201142.332786908
2017-12-22,89415.29064690902,7116818.501518998,7206233.792165907
2017-12-25,89415.29064690902,7061798.7834210005,7151214.074067909
2017-12-26,89415.29064690902,7054450.693844998,7143865.984491907
2017-12-27,89415.29064690902,7000967.411695,7090382.702341909
2017-12-28,89415.29064690902,7023068.446442999,7112483.737089908
2017-12-29,89415.29064690902,7085313.112976,7174728.4036229085
2018-01-02,89415.29064690902,7236321.677227003,7325736.967873911
2018-01-03,89415.29064690902,7339587.653873004,7429002.944519913
2018-01-04,89415.29064690902,7446220.632746996,7535635.923393905
2018-01-05,89415.29064690902,7391385.693117998,7480800.983764906
2018-01-08,89415.29064690902,7424254.731774001,7513670.02242091
2018-01-09,89415.29064690902,7428429.612313003,7517844.902959912
2018-01-10,89415.29064690902,7376701.295112,7466116.585758909
2018-01-11,89415.29064690902,7370852.588113998,7460267.878760907
2018-01-12,89415.29064690902,7346783.218103,7436198.508749909
2018-01-15,89415.29064690902,7172076.754884,7261492.045530909
2018-01-16,89415.29064690902,7242263.498523999,7331678.789170908
2018-01-17,89415.29064690902,7209656.663799001,7299071.95444591
2018-01-18,89415.29064690902,7272092.398947001,7361507.68959391
2018-01-19,89415.29064690902,7228314.463251999,7317729.753898907
2018-01-22,89415.29064690902,7319136.507866999,7408551.798513908
2018-01-23,89415.29064690902,7344072.356331004,7433487.646977913
2018-01-24,89415.29064690902,7369283.667728999,7458698.9583759075
2018-01-25,89415.29064690902,7357870.380333004,7447285.670979912
2018-01-26,89415.29064690902,7347942.446016998,7437357.736663907
2018-01-29,89415.29064690902,7305546.212389001,7394961.503035909
2018-01-30,89415.29064690902,7315424.242396,7404839.533042909
2018-01-31,89415.29064690902,7207551.034464999,7296966.325111908
2018-02-01,4265.549390748478,7061685.3930250015,7065950.94241575
2018-02-02,4265.549390748478,7153047.950488001,7157313.499878749
2018-02-05,4265.549390748478,7187105.8014480015,7191371.35083875
2018-02-06,4265.549390748478,6812404.089777001,6816669.639167749
2018-02-07,4265.549390748478,6807016.711902999,6811282.261293747
2018-02-08,4265.549390748478,6852899.929755999,6857165.479146747
2018-02-09,4265.549390748478,6564598.797418002,6568864.34680875
2018-02-12,4265.549390748478,6769642.42326,6773907.972650748
2018-02-13,4265.549390748478,6845069.342020998,6849334.891411746
2018-02-14,4265.549390748478,6961853.138632999,6966118.688023747
2018-02-22,4265.549390748478,7125609.312929002,7129874.86231975
2018-02-23,4265.549390748478,7174577.501273,7178843.050663748
2018-02-26,4265.549390748478,7315008.619563999,7319274.168954747
2018-02-27,4265.549390748478,7267620.247224998,7271885.796615746
2018-02-28,4265.549390748478,7233113.325784,7237378.875174748
2018-03-01,4265.549390748478,7281318.097038999,7285583.646429747
2018-03-02,4265.549390748478,7230233.481290001,7234499.03068075
2018-03-05,4265.549390748478,7203866.356770998,7208131.906161746
2018-03-06,4265.549390748478,7294022.631308995,7298288.180699743
2018-03-07,4265.549390748478,7207645.154727995,7211910.704118744
2018-03-08,4265.549390748478,7271206.307500003,7275471.856890751
2018-03-09,4265.549390748478,7329108.541846998,7333374.091237746
2018-03-12,4265.549390748478,7444839.473777999,7449105.023168747
2018-03-13,4265.549390748478,7387639.608576999,7391905.157967747
2018-03-14,4265.549390748478,7323291.401325001,7327556.950715749
2018-03-15,4265.549390748478,7298130.633795,7302396.183185748
2018-03-16,4265.549390748478,7244301.807132999,7248567.356523748
2018-03-19,4265.549390748478,7227148.245499002,7231413.79488975
2018-03-20,4265.549390748478,7231337.645981001,7235603.195371749
2018-03-21,4265.549390748478,7173255.764080001,7177521.313470749
2018-03-22,4265.549390748478,7112674.889171,7116940.438561748
2018-03-23,4265.549390748478,6702608.367651001,6706873.917041749
2018-03-26,4265.549390748478,6821625.369491999,6825890.918882747
2018-03-27,4265.549390748478,6963940.566440999,6968206.115831747
2018-03-28,4265.549390748478,6858274.246086003,6862539.795476751
2018-03-29,4265.549390748478,6929939.168320999,6934204.717711747
2018-03-30,4265.549390748478,7041752.566120001,7046018.115510749
2018-04-02,4265.549390748478,7063042.775255002,7067308.32464575
2018-04-03,4265.549390748478,7015751.994274998,7020017.543665746
2018-04-04,4265.549390748478,6972622.747465,6976888.296855748
2018-04-09,4265.549390748478,6977573.646724001,6981839.196114749
2018-04-10,4265.549390748478,7037936.352315001,7042201.901705749
2018-04-11,4265.549390748478,7090664.451901002,7094930.00129175
2018-04-12,4265.549390748478,7040922.903547001,7045188.452937749
2018-04-13,4265.549390748478,7024279.455189,7028545.004579748
2018-04-16,4265.549390748478,6974776.738281004,6979042.287671752
2018-04-17,4265.549390748478,6810471.976005,6814737.525395748
2018-04-18,4265.549390748478,6923114.753272997,6927380.302663745
2018-04-19,4265.549390748478,7006908.426452001,7011173.975842749
2018-04-20,4265.549390748478,6861864.589937,6866130.139327748
2018-04-23,4265.549390748478,6804252.5447419975,6808518.094132746
2018-04-24,4265.549390748478,6984060.921004,6988326.470394748
2018-04-25,4265.549390748478,6980795.847784997,6985061.397175745
2018-04-26,4265.549390748478,6834226.076250999,6838491.625641747
2018-04-27,4265.549390748478,6832606.436663997,6836871.9860547455
2018-05-02,4265.549390748478,6842589.500124997,6846855.049515746
2018-05-03,2365474.018844987,4551573.364286999,6917047.3831319865
2018-05-04,2365474.018844987,4544117.6630770005,6909591.681921987
2018-05-07,2365474.018844987,4640789.201018998,7006263.219863985
2018-05-08,2365474.018844987,4656868.106358999,7022342.125203986
2018-05-09,2365474.018844987,4646973.043805999,7012447.062650986
2018-05-10,2365474.018844987,4683504.050579001,7048978.069423988
2018-05-11,2365474.018844987,4630338.307401999,6995812.326246986
2018-05-14,2365474.018844987,4620275.167856999,6985749.186701985
2018-05-15,2365474.018844987,4708058.675139,7073532.693983987
2018-05-16,2365474.018844987,4696020.033188,7061494.052032987
2018-05-17,2365474.018844987,4641657.908696,7007131.927540986
2018-05-18,2365474.018844987,4662719.891337999,7028193.910182986
2018-05-21,2365474.018844987,4730833.504098998,7096307.522943985
2018-05-22,2365474.018844987,4767236.785706999,7132710.804551985
2018-05-23,2365474.018844987,4726068.326348,7091542.345192988
2018-05-24,2365474.018844987,4716165.223982999,7081639.242827985
2018-05-25,2365474.018844987,4669056.725195001,7034530.744039988
2018-05-28,2365474.018844987,4665516.757423,7030990.776267987
2018-05-29,2365474.018844987,4590700.047478999,6956174.066323986
2018-05-30,2365474.018844987,4455118.247746,6820592.266590986
2018-05-31,2365474.018844987,4540746.717705999,6906220.736550985
2018-06-01,2365474.018844987,4469604.127926998,6835078.146771984
2018-06-04,2365474.018844987,4439072.191077999,6804546.209922986
2018-06-05,2365474.018844987,4535609.454183999,6901083.473028986
2018-06-06,2365474.018844987,4567573.794887,6933047.813731987
2018-06-07,2365474.018844987,4544275.118233999,6909749.137078986
2018-06-08,2365474.018844987,4507542.51416,6873016.533004986
2018-06-11,2365474.018844987,4463254.513025999,6828728.531870985
2018-06-12,2365474.018844987,4527236.2147,6892710.233544987
2018-06-13,2365474.018844987,4473886.115371002,6839360.134215988
2018-06-14,2365474.018844987,4462155.797455999,6827629.816300986
2018-06-15,2365474.018844987,4368031.442339,6733505.461183988
2018-06-19,2365474.018844987,4090624.347170001,6456098.366014987
2018-06-20,2365474.018844987,4185712.847468999,6551186.866313986
2018-06-21,2365474.018844987,4117614.678882998,6483088.697727985
2018-06-22,2365474.018844987,4204971.811852,6570445.830696987
2018-06-25,2365474.018844987,4187331.3440259984,6552805.362870986
2018-06-26,2365474.018844987,4207099.907672002,6572573.926516989
2018-06-27,2365474.018844987,4146152.095116,6511626.113960987
2018-06-28,2365474.018844987,4102607.082161001,6468081.101005987
2018-06-29,2365474.018844987,4259288.41219,6624762.431034986
2018-07-02,2365474.018844987,4219337.860644001,6584811.879488988
2018-07-03,2365474.018844987,4249747.923276002,6615221.942120988
2018-07-04,2365474.018844987,4167725.299505,6533199.318349986
2018-07-05,2365474.018844987,4038128.824155001,6403602.842999987
2018-07-06,2365474.018844987,4069010.474337999,6434484.493182985
2018-07-09,2365474.018844987,4184349.8846300007,6549823.903474988
2018-07-10,2365474.018844987,4253408.847898999,6618882.866743986
2018-07-11,2365474.018844987,4188184.967171,6553658.986015987
2018-07-12,2365474.018844987,4319662.618574001,6685136.637418987
2018-07-13,2365474.018844987,4377248.078779999,6742722.0976249855
2018-07-16,2365474.018844987,4398775.767112999,6764249.7859579865
2018-07-17,2365474.018844987,4380451.031097001,6745925.049941989
2018-07-18,2365474.018844987,4337863.477189001,6703337.496033987
2018-07-19,2365474.018844987,4280347.668316999,6645821.687161986
2018-07-20,2365474.018844987,4333178.297224999,6698652.316069987
2018-07-23,2365474.018844987,4345186.305474002,6710660.324318988
2018-07-24,2365474.018844987,4377765.093630999,6743239.112475986
2018-07-25,2365474.018844987,4384651.617482999,6750125.636327986
2018-07-26,2365474.018844987,4330140.013207002,6695614.032051988
2018-07-27,2365474.018844987,4316022.317281,6681496.336125987
2018-07-30,2365474.018844987,4250409.498322003,6615883.517166989
2018-07-31,2365474.018844987,4239097.712073002,6604571.730917988
2018-08-01,1633292.615282991,4873870.244565001,6507162.859847992
2018-08-02,1633292.615282991,4800293.539096999,6433586.15437999
2018-08-03,1633292.615282991,4720093.509121002,6353386.124403993
2018-08-06,1633292.615282991,4608669.123901999,6241961.73918499
2018-08-07,1633292.615282991,4749056.952286,6382349.567568991
2018-08-08,1633292.615282991,4654216.889454001,6287509.504736992
2018-08-09,1633292.615282991,4788812.014296002,6422104.629578993
2018-08-10,1633292.615282991,4821284.360275998,6454576.975558989
2018-08-13,1633292.615282991,4872321.8085280005,6505614.423810991
2018-08-14,1633292.615282991,4853069.077126999,6486361.69240999
2018-08-15,1633292.615282991,4734999.549614,6368292.164896991
2018-08-16,1633292.615282991,4680712.12014,6314004.735422991
2018-08-17,1633292.615282991,4580091.338571,6213383.953853991
2018-08-20,1633292.615282991,4573766.970720001,6207059.586002992
2018-08-21,1633292.615282991,4637337.498631,6270630.113913991
2018-08-22,1633292.615282991,4596681.508517001,6229974.123799992
2018-08-23,1633292.615282991,4625738.895050001,6259031.510332992
2018-08-24,1633292.615282991,4607014.181409,6240306.796691991
2018-08-27,1633292.615282991,4750904.843252,6384197.458534991
2018-08-28,1633292.615282991,4757913.842408,6391206.457690991
2018-08-29,1633292.615282991,4725902.495587,6359195.110869991
2018-08-30,1633292.615282991,4622644.986908999,6255937.60219199
2018-08-31,1633292.615282991,4580124.306668999,6213416.92195199
2018-09-03,1633292.615282991,4576667.835067,6209960.450349991
2018-09-04,1633292.615282991,4617095.433744001,6250388.049026992
2018-09-05,1633292.615282991,4522953.249502,6156245.86478499
2018-09-06,1633292.615282991,4490387.189781002,6123679.805063993
2018-09-07,1633292.615282991,4500945.945506,6134238.560788991
2018-09-10,1633292.615282991,4397751.036687999,6031043.65197099
2018-09-11,1633292.615282991,4394772.446245,6028065.061527991
2018-09-12,1633292.615282991,4347689.985727001,5980982.601009992
2018-09-13,1633292.615282991,4357913.610125998,5991206.225408989
2018-09-14,1633292.615282991,4306227.418256002,5939520.0335389925
2018-09-17,1633292.615282991,4231873.232085,5865165.847367991
2018-09-18,1633292.615282991,4325478.250005,5958770.865287991
2018-09-19,1633292.615282991,4396973.645010001,6030266.260292992
2018-09-20,1633292.615282991,4377764.383266,6011056.998548991
2018-09-21,1633292.615282991,4474039.738845,6107332.354127991
2018-09-25,1633292.615282991,4468333.238948998,6101625.854231989
2018-09-26,1633292.615282991,4532791.1895820005,6166083.804864991
2018-09-27,1633292.615282991,4482011.593947001,6115304.209229992
2018-09-28,1633292.615282991,4540013.746302998,6173306.361585989
2018-10-08,1633292.615282991,4358269.642997,5991562.258279991
2018-10-09,1633292.615282991,4356057.568946,5989350.184228991
2018-10-10,1633292.615282991,4337364.078877,5970656.694159991
2018-10-11,1633292.615282991,4063164.421077,5696457.036359991
2018-10-12,1633292.615282991,4113624.564414,5746917.17969699
2018-10-15,1633292.615282991,4044760.641651,5678053.256933991
2018-10-16,1633292.615282991,3941877.097984,5575169.713266991
2018-10-17,1633292.615282991,3930768.551327,5564061.16660999
2018-10-18,1633292.615282991,3794159.136448,5427451.751730992
